created_at,client_ts,event_type,participant_identity,role,show_id,uplinkBps,availableOutgoingBitrate,targetBitrate,framesEncodedDelta,framesSentDelta,framesNotSent,fps,sourceFps,avgQp,qualityLimitationReason,rid,activeLayers,layerCount,width,height,sourceWidth,sourceHeight,encoder,keyFramesEncoded,nackCount,pliCount,firCount,packetsLost,jitter,rttSec,retransmittedBytesSent,from,to,reason,quality,source,sid,label,extra
2026-08-30T12:26:04.491312+00:00,2026-08-30T12:26:03.67+00:00,room_state_at_mount,,a,show-dwlffblh,,,,,,,,,,,,,,,,,,,,,,,,,,,,,,,,,,"{""state"":""disconnected"",""transport"":{""pcState"":""new"",""signalWs"":null,""available"":true,""roomState"":""disconnected"",""hasPcManager"":false,""publisherIce"":null,""subscriberIce"":null,""verifyTransport"":false,""pcTransportState"":null,""publisherPromiseSet"":false,""publisherIceConnected"":null}}"
2026-08-30T12:26:04.491312+00:00,2026-08-30T12:26:03.671+00:00,live_audio_effect_entered,,a,show-dwlffblh,,,,,,,,,,,,,,,,,,,,,,,,,,,,,,,,,,"{""run"":1,""roomChanged"":false}"
2026-08-30T12:26:04.491312+00:00,2026-08-30T12:26:03.671+00:00,audio_graph_reused,,a,show-dwlffblh,,,,,,,,,,,,,,,,,,,,,,,,,,,,,already_live,,,,,
2026-08-30T12:26:04.491312+00:00,2026-08-30T12:26:03.672+00:00,audio_publish_attempt,,a,show-dwlffblh,,,,,,,,,,,,,,,,,,,,,,,,,,,,,,,,,,
2026-08-30T12:26:04.491312+00:00,2026-08-30T12:26:03.674+00:00,room_connection_state_changed,,a,show-dwlffblh,,,,,,,,,,,,,,,,,,,,,,,,,,,,,,,,,,"{""state"":""connecting""}"
2026-08-30T12:26:04.491312+00:00,2026-08-30T12:26:03.684+00:00,wake_lock_acquired,,a,show-dwlffblh,,,,,,,,,,,,,,,,,,,,,,,,,,,,,,,,,live:a,
2026-08-30T12:26:04.491312+00:00,2026-08-30T12:26:03.782+00:00,signal_connected,,a,show-dwlffblh,,,,,,,,,,,,,,,,,,,,,,,,,,,,,,,,,,"{""transport"":{""pcState"":""new"",""signalWs"":""open"",""available"":true,""roomState"":""connecting"",""hasPcManager"":true,""publisherIce"":""new"",""subscriberIce"":null,""verifyTransport"":false,""pcTransportState"":0,""publisherPromiseSet"":false,""publisherIceConnected"":false},""occurrence"":1}"
2026-08-30T12:26:04.491312+00:00,2026-08-30T12:26:03.784+00:00,audio_publish_failure,,a,show-dwlffblh,,,,,,,,,,,,,,,,,,,,,,,,,,,,,,,,,,"{""error"":""a track with the same ID has already been published"",""durationMs"":112}"
2026-08-30T12:26:04.491312+00:00,2026-08-30T12:26:03.812+00:00,session_state_subscribed,,a,show-dwlffblh,,,,,,,,,,,,,,,,,,,,,,,,,,,,,,,,,,"{""showId"":""00363650-3bfb-402b-ade7-3816b87d1e2a""}"
2026-08-30T12:26:04.491312+00:00,2026-08-30T12:26:03.846+00:00,track_local_published,,a,show-dwlffblh,,,,,,,,,,,,,,,,,,,,,,,,,,,,,,,microphone,,,"{""kind"":""audio"",""trackSid"":""TR_AMd8yfwGbxQSag"",""participantIdentity"":""contestant-a-6171d5a7""}"
2026-08-30T12:26:04.491312+00:00,2026-08-30T12:26:03.846+00:00,pub_track_published,,a,show-dwlffblh,,,,,,,,,,,,,,,,,,,,,,,,,,,,,,,microphone,TR_AMd8yfwGbxQSag,,
2026-08-30T12:26:04.491312+00:00,2026-08-30T12:26:03.846+00:00,ensure_audio_published,,a,show-dwlffblh,,,,,,,,,,,,,,,,,,,,,,,,,,,,,,,,,,"{""action"":""republished"",""trigger"":""signal_connected""}"
2026-08-30T12:26:04.491312+00:00,2026-08-30T12:26:03.938+00:00,room_connection_state_changed,,a,show-dwlffblh,,,,,,,,,,,,,,,,,,,,,,,,,,,,,,,,,,"{""state"":""connected""}"
2026-08-30T12:26:04.491312+00:00,2026-08-30T12:26:03.938+00:00,room_connected,,a,show-dwlffblh,,,,,,,,,,,,,,,,,,,,,,,,,,,,,,,,,,"{""state"":""connected"",""transport"":{""pcState"":""connected"",""signalWs"":""open"",""available"":true,""roomState"":""connected"",""hasPcManager"":true,""publisherIce"":""connected"",""subscriberIce"":null,""verifyTransport"":true,""pcTransportState"":2,""publisherPromiseSet"":false,""publisherIceConnected"":true}}"
2026-08-30T12:26:04.491312+00:00,2026-08-30T12:26:03.939+00:00,track_subscribed,,a,show-dwlffblh,,,,,,,,,,,,,,,,,,,,,,,,,,,,,,,camera,,,"{""kind"":""video"",""trackSid"":""TR_VC5Z9mEoZEuMzf"",""participantIdentity"":""camfeed-a-wide-b15af972""}"
2026-08-30T12:26:04.491312+00:00,2026-08-30T12:26:03.94+00:00,start_preflight_begin,,a,show-dwlffblh,,,,,,,,,,,,,,,,,,,,,,,,,,,,,,,,,,"{""waited"":false,""timedOut"":false,""transport"":{""pcState"":""connected"",""signalWs"":""open"",""available"":true,""roomState"":""connected"",""hasPcManager"":true,""publisherIce"":""connected"",""subscriberIce"":null,""verifyTransport"":true,""pcTransportState"":2,""publisherPromiseSet"":false,""publisherIceConnected"":true}}"
2026-08-30T12:26:04.491312+00:00,2026-08-30T12:26:03.992+00:00,mode_changed,,a,show-dwlffblh,,,,,,,,,,,,,,,,,,,,,,,,,,,,,,,,,,"{""mode"":""auto""}"
2026-08-30T12:26:04.491312+00:00,2026-08-30T12:26:03.992+00:00,health_probe_publish_success,,a,show-dwlffblh,,,,,,,,,,,,,,,,,,,,,,,,,,,,,,,,,,"{""connectionState"":""connected""}"
2026-08-30T12:26:04.491312+00:00,2026-08-30T12:26:03.992+00:00,start_preflight_outcome,,a,show-dwlffblh,,,,,,,,,,,,,,,,,,,,,,,,,,,,,,,,,,"{""outcome"":""clean"",""recovered"":false,""transport"":{""pcState"":""connected"",""signalWs"":""open"",""available"":true,""roomState"":""connected"",""hasPcManager"":true,""publisherIce"":""connected"",""subscriberIce"":null,""verifyTransport"":true,""pcTransportState"":2,""publisherPromiseSet"":true,""publisherIceConnected"":true}}"
2026-08-30T12:26:04.491312+00:00,2026-08-30T12:26:03.992+00:00,director_loop_started,,a,show-dwlffblh,,,,,,,,,,,,,,,,,,,,,,,,,,,,,transition,,,,,"{""preflight"":""clean"",""transport"":{""pcState"":""connected"",""signalWs"":""open"",""available"":true,""roomState"":""connected"",""hasPcManager"":true,""publisherIce"":""connected"",""subscriberIce"":null,""verifyTransport"":true,""pcTransportState"":2,""publisherPromiseSet"":true,""publisherIceConnected"":true}}"
2026-08-30T12:26:05.496377+00:00,2026-08-30T12:26:04.423+00:00,egress_command_failed,,a,show-dwlffblh,,,,,,,,,,,,,,,,,,,,,,,,,,,,,,,,,,"{""room"":""show-dwlffblh"",""stage"":""refused (500)"",""action"":""start"",""detail"":""Server missing egress environment variables""}"
2026-08-30T12:26:05.496377+00:00,2026-08-30T12:26:04.67+00:00,track_liveness_snapshot,,a,show-dwlffblh,,,,,,,,,,,,,,,,,,,,,,,,,,,,,,,,,,"{""entries"":[{""key"":""camfeed-a-wide-b15af972:TR_VC5Z9mEoZEuMzf"",""frames"":null,""reason"":null,""staleSec"":1,""probation"":false}],""trackCount"":1,""ineligibleCount"":0}"
2026-08-30T12:26:05.496377+00:00,2026-08-30T12:26:04.993+00:00,director_shot_emitted,,a,show-dwlffblh,,,,,,,,,,,,,,,,,,,,,,,,,,,,,,,,,,"{""shot"":""wide"",""slot"":""a"",""sourceRole"":""wide"",""decisionSource"":""auto"",""targetIdentity"":""camfeed-a-wide-b15af972""}"
2026-08-30T12:26:05.496377+00:00,2026-08-30T12:26:04.993+00:00,shot_publish_success,,a,show-dwlffblh,,,,,,,,,,,,,,,,,,,,,,,,,,,,,,,,,,"{""shot"":""wide"",""slot"":""a"",""commandId"":""acdc91b0-5da6-4380-986b-25784b2ed7cd"",""decisionSource"":""auto"",""connectionState"":""connected""}"
2026-08-30T12:26:05.496377+00:00,2026-08-30T12:26:05.119+00:00,pub_track_published,,a,show-dwlffblh,,,,,,,,,,,,,,,,,,,,,,,,,,,,,,,camera,TR_VCHFzHmQiGnt96,,
2026-08-30T12:26:05.496377+00:00,2026-08-30T12:26:05.119+00:00,track_local_published,,a,show-dwlffblh,,,,,,,,,,,,,,,,,,,,,,,,,,,,,,,camera,,,"{""kind"":""video"",""trackSid"":""TR_VCHFzHmQiGnt96"",""participantIdentity"":""contestant-a-6171d5a7""}"
2026-08-30T12:26:06.495797+00:00,2026-08-30T12:26:05.67+00:00,track_liveness_snapshot,,a,show-dwlffblh,,,,,,,,,,,,,,,,,,,,,,,,,,,,,,,,,,"{""entries"":[{""key"":""camfeed-a-wide-b15af972:TR_VC5Z9mEoZEuMzf"",""frames"":16,""reason"":null,""staleSec"":1,""probation"":false},{""key"":""contestant-a-6171d5a7:TR_VCHFzHmQiGnt96"",""frames"":null,""reason"":null,""staleSec"":0,""probation"":false}],""trackCount"":2,""ineligibleCount"":0}"
2026-08-30T12:26:06.495797+00:00,2026-08-30T12:26:05.673+00:00,pub_stats,,a,show-dwlffblh,,1027387,375000,,,,21,30.592734225621413,,bandwidth,h,,3,360,640,1080,1920,"SimulcastEncoderAdapter (libvpx, libvpx)",2,0,1,0,,,0.026,0,,,,,,,live:a,"{""qualityLimitationDurations"":{""cpu"":0,""none"":0.038,""other"":0,""bandwidth"":0.516}}"
2026-08-30T12:26:07.512459+00:00,2026-08-30T12:26:07.252+00:00,pub_connection_quality,,a,show-dwlffblh,,,,,,,,,,,,,,,,,,,,,,,,,,,,,,excellent,,,,
2026-08-30T12:26:08.533962+00:00,2026-08-30T12:26:07.671+00:00,pub_stats,,a,show-dwlffblh,878643,1181539,450000,40,40,0,20,29,61.95,bandwidth,h,h+q,3,360,640,1080,1920,"SimulcastEncoderAdapter (libvpx, libvpx)",3,0,2,0,0,0.0026769999999999997,0.023,0,,,,,,,live:a,"{""qualityLimitationDurations"":{""cpu"":0,""none"":0.038,""other"":0,""bandwidth"":2.516}}"
2026-08-30T12:26:09.71887+00:00,2026-08-30T12:26:08.695+00:00,mic_level_sample,,a,show-dwlffblh,,,,,,,,,,,,,,,,,,,,,,,,,,,,,,,,,,"{""deviceId"":""a58e21953fa187ebbfa035f4c18fb6d2d3f12f0c3a35994d56f0781fea8405af"",""inputRms"":0.031756852403072154,""outputRms"":0.1011042270314393,""deviceLabel"":""MacBook Air Microphone (Built-in)"",""audioContextState"":""running""}"
2026-08-30T12:26:10.491361+00:00,2026-08-30T12:26:09.671+00:00,pub_stats,,a,show-dwlffblh,1018928,1389109,450000,40,40,0,20,29,43.4,bandwidth,h,h+q,3,360,640,1080,1920,"SimulcastEncoderAdapter (libvpx, libvpx)",3,0,2,0,0,0.001455,0.024,0,,,,,,,live:a,"{""qualityLimitationDurations"":{""cpu"":0,""none"":0.038,""other"":0,""bandwidth"":4.515}}"
2026-08-30T12:26:11.525449+00:00,2026-08-30T12:26:10.671+00:00,track_liveness_snapshot,,a,show-dwlffblh,,,,,,,,,,,,,,,,,,,,,,,,,,,,,,,,,,"{""entries"":[{""key"":""camfeed-a-wide-b15af972:TR_VC5Z9mEoZEuMzf"",""frames"":88,""reason"":null,""staleSec"":1,""probation"":false},{""key"":""contestant-a-6171d5a7:TR_VCHFzHmQiGnt96"",""frames"":null,""reason"":null,""staleSec"":5,""probation"":false}],""trackCount"":2,""ineligibleCount"":0}"
2026-08-30T12:26:12.501218+00:00,2026-08-30T12:26:11.671+00:00,pub_stats,,a,show-dwlffblh,1189964,1608159,442935,40,40,0,20,29,35.58,bandwidth,h,h+q,3,360,640,1080,1920,"SimulcastEncoderAdapter (libvpx, libvpx)",3,0,2,0,0,0.001455,0.024,0,,,,,,,live:a,"{""qualityLimitationDurations"":{""cpu"":0,""none"":0.038,""other"":0,""bandwidth"":6.516}}"
2026-08-30T12:26:14.501493+00:00,2026-08-30T12:26:13.672+00:00,pub_stats,,a,show-dwlffblh,550385,1856474,279317,40,40,0,20,29,60.83,none,h,f+h+q,3,360,640,1080,1920,"SimulcastEncoderAdapter (libvpx, libvpx, libvpx)",6,0,2,0,0,0.012155,0.025,0,,,,,,,live:a,"{""qualityLimitationDurations"":{""cpu"":0,""none"":1.639,""other"":0,""bandwidth"":6.915}}"
2026-08-30T12:26:14.501493+00:00,2026-08-30T12:26:13.672+00:00,pub_quality_limitation_changed,,a,show-dwlffblh,,,,,,,,,60.83,,,,,,,,,,,,,,,,,,bandwidth,none,,,,,,"{""durations"":{""cpu"":0,""none"":1.639,""other"":0,""bandwidth"":6.915}}"
2026-08-30T12:26:14.501493+00:00,2026-08-30T12:26:13.672+00:00,pub_simulcast_switch,,a,show-dwlffblh,550385,1856474,,,,,,,,,,,,,,,,,,,,,,,,,h+q,f+h+q,none,,,,,
2026-08-30T12:26:14.501493+00:00,2026-08-30T12:26:13.673+00:00,director_heartbeat,,a,show-dwlffblh,,,,,,,,,,,,,,,,,,,,,,,,,,,,,,,,,,"{""state"":""running""}"
2026-08-30T12:26:14.501493+00:00,2026-08-30T12:26:13.695+00:00,mic_level_sample,,a,show-dwlffblh,,,,,,,,,,,,,,,,,,,,,,,,,,,,,,,,,,"{""deviceId"":""a58e21953fa187ebbfa035f4c18fb6d2d3f12f0c3a35994d56f0781fea8405af"",""inputRms"":0.04421591020299393,""outputRms"":0.27515823983692134,""deviceLabel"":""MacBook Air Microphone (Built-in)"",""audioContextState"":""running""}"
2026-08-30T12:26:16.508371+00:00,2026-08-30T12:26:15.671+00:00,pub_stats,,a,show-dwlffblh,327908,2145381,370690,40,40,0,20,29,49.55,none,h,f+h+q,3,360,640,1080,1920,"SimulcastEncoderAdapter (libvpx, libvpx, libvpx)",6,0,2,0,0,0.0014659999999999999,0.024,0,,,,,,,live:a,"{""qualityLimitationDurations"":{""cpu"":0,""none"":3.639,""other"":0,""bandwidth"":6.915}}"
2026-08-30T12:26:16.508371+00:00,2026-08-30T12:26:16.17+00:00,track_liveness_snapshot,,a,show-dwlffblh,,,,,,,,,,,,,,,,,,,,,,,,,,,,,,,,,,"{""entries"":[{""key"":""camfeed-a-wide-b15af972:TR_VC5Z9mEoZEuMzf"",""frames"":221,""reason"":null,""staleSec"":1,""probation"":false},{""key"":""contestant-a-6171d5a7:TR_VCHFzHmQiGnt96"",""frames"":null,""reason"":null,""staleSec"":11,""probation"":false}],""trackCount"":2,""ineligibleCount"":0}"
2026-08-30T12:26:18.500271+00:00,2026-08-30T12:26:17.671+00:00,pub_stats,,a,show-dwlffblh,424912,2528484,388480,40,40,0,20,30,39.73,none,h,f+h+q,3,360,640,1080,1920,"SimulcastEncoderAdapter (libvpx, libvpx, libvpx)",6,0,2,0,0,0.000877,0.024,0,,,,,,,live:a,"{""qualityLimitationDurations"":{""cpu"":0,""none"":5.639,""other"":0,""bandwidth"":6.915}}"
2026-08-30T12:26:19.549028+00:00,2026-08-30T12:26:18.694+00:00,mic_level_sample,,a,show-dwlffblh,,,,,,,,,,,,,,,,,,,,,,,,,,,,,,,,,,"{""deviceId"":""a58e21953fa187ebbfa035f4c18fb6d2d3f12f0c3a35994d56f0781fea8405af"",""inputRms"":0.21388694964405708,""outputRms"":0.29245577909665815,""deviceLabel"":""MacBook Air Microphone (Built-in)"",""audioContextState"":""running""}"
2026-08-30T12:26:20.520803+00:00,2026-08-30T12:26:19.671+00:00,pub_stats,,a,show-dwlffblh,391424,2896369,397753,40,40,0,20,30,51.27,none,h,f+h+q,3,360,640,1080,1920,"SimulcastEncoderAdapter (libvpx, libvpx, libvpx)",6,0,2,0,0,0.002111,0.024,0,,,,,,,live:a,"{""qualityLimitationDurations"":{""cpu"":0,""none"":7.639,""other"":0,""bandwidth"":6.915}}"
2026-08-30T12:26:21.509183+00:00,2026-08-30T12:26:20.871+00:00,director_shot_emitted,,a,show-dwlffblh,,,,,,,,,,,,,,,,,,,,,,,,,,,,,,,,,,"{""shot"":""mediumCU"",""slot"":""a"",""sourceRole"":""main"",""decisionSource"":""auto"",""targetIdentity"":""contestant-a-6171d5a7""}"
2026-08-30T12:26:21.509183+00:00,2026-08-30T12:26:20.872+00:00,shot_publish_success,,a,show-dwlffblh,,,,,,,,,,,,,,,,,,,,,,,,,,,,,,,,,,"{""shot"":""mediumCU"",""slot"":""a"",""commandId"":""5286726f-1fdb-4af6-9fe6-d8e8c5b2d03a"",""decisionSource"":""auto"",""connectionState"":""connected""}"
2026-08-30T12:26:21.509183+00:00,2026-08-30T12:26:21.171+00:00,track_liveness_snapshot,,a,show-dwlffblh,,,,,,,,,,,,,,,,,,,,,,,,,,,,,,,,,,"{""entries"":[{""key"":""camfeed-a-wide-b15af972:TR_VC5Z9mEoZEuMzf"",""frames"":299,""reason"":null,""staleSec"":1,""probation"":false},{""key"":""contestant-a-6171d5a7:TR_VCHFzHmQiGnt96"",""frames"":null,""reason"":null,""staleSec"":16,""probation"":false}],""trackCount"":2,""ineligibleCount"":0}"
2026-08-30T12:26:22.687006+00:00,2026-08-30T12:26:21.671+00:00,pub_stats,,a,show-dwlffblh,2068592,3372059,2573430,,,,30,30,,none,f,f+h+q,3,1080,1920,1080,1920,"SimulcastEncoderAdapter (libvpx, libvpx, libvpx)",3,0,2,0,0,0.002077,0.025,0,,,,,,,live:a,"{""qualityLimitationDurations"":{""cpu"":0,""none"":9.639,""other"":0,""bandwidth"":6.915}}"
2026-08-30T12:26:24.512674+00:00,2026-08-30T12:26:23.672+00:00,pub_stats,,a,show-dwlffblh,2560368,3930499,2986373,60,60,0,30,30,48.25,none,f,f+h+q,3,1080,1920,1080,1920,"SimulcastEncoderAdapter (libvpx, libvpx, libvpx)",3,0,2,0,0,0.0029,0.026,0,,,,,,,live:a,"{""qualityLimitationDurations"":{""cpu"":0,""none"":11.64,""other"":0,""bandwidth"":6.915}}"
2026-08-30T12:26:24.512674+00:00,2026-08-30T12:26:23.673+00:00,director_heartbeat,,a,show-dwlffblh,,,,,,,,,,,,,,,,,,,,,,,,,,,,,,,,,,"{""state"":""running""}"
2026-08-30T12:26:24.512674+00:00,2026-08-30T12:26:23.695+00:00,mic_level_sample,,a,show-dwlffblh,,,,,,,,,,,,,,,,,,,,,,,,,,,,,,,,,,"{""deviceId"":""a58e21953fa187ebbfa035f4c18fb6d2d3f12f0c3a35994d56f0781fea8405af"",""inputRms"":0.048514475549513554,""outputRms"":0.14181407855962738,""deviceLabel"":""MacBook Air Microphone (Built-in)"",""audioContextState"":""running""}"
2026-08-30T12:26:26.743618+00:00,2026-08-30T12:26:25.671+00:00,pub_stats,,a,show-dwlffblh,2998415,4670412,3000000,60,60,0,30,30,37.42,none,f,f+h+q,3,1080,1920,1080,1920,"SimulcastEncoderAdapter (libvpx, libvpx, libvpx)",3,0,2,0,0,0.000877,0.024,0,,,,,,,live:a,"{""qualityLimitationDurations"":{""cpu"":0,""none"":13.639,""other"":0,""bandwidth"":6.915}}"
2026-08-30T12:26:26.743618+00:00,2026-08-30T12:26:26.171+00:00,track_liveness_snapshot,,a,show-dwlffblh,,,,,,,,,,,,,,,,,,,,,,,,,,,,,,,,,,"{""entries"":[{""key"":""camfeed-a-wide-b15af972:TR_VC5Z9mEoZEuMzf"",""frames"":378,""reason"":null,""staleSec"":1,""probation"":false},{""key"":""contestant-a-6171d5a7:TR_VCHFzHmQiGnt96"",""frames"":null,""reason"":null,""staleSec"":21,""probation"":false}],""trackCount"":2,""ineligibleCount"":0}"
2026-08-30T12:26:28.728523+00:00,2026-08-30T12:26:27.671+00:00,pub_stats,,a,show-dwlffblh,3023892,5390469,2957083,60,60,0,30,30,42.48,none,f,f+h+q,3,1080,1920,1080,1920,"SimulcastEncoderAdapter (libvpx, libvpx, libvpx)",3,0,2,0,0,0.000633,0.024,0,,,,,,,live:a,"{""qualityLimitationDurations"":{""cpu"":0,""none"":15.639,""other"":0,""bandwidth"":6.915}}"
2026-08-30T12:26:29.528181+00:00,2026-08-30T12:26:28.695+00:00,mic_level_sample,,a,show-dwlffblh,,,,,,,,,,,,,,,,,,,,,,,,,,,,,,,,,,"{""deviceId"":""a58e21953fa187ebbfa035f4c18fb6d2d3f12f0c3a35994d56f0781fea8405af"",""inputRms"":0.034025043323739,""outputRms"":0.1057931125275485,""deviceLabel"":""MacBook Air Microphone (Built-in)"",""audioContextState"":""running""}"
2026-08-30T12:26:30.545035+00:00,2026-08-30T12:26:29.671+00:00,pub_stats,,a,show-dwlffblh,2896712,6004051,3000000,60,60,0,30,30,45.22,none,f,f+h+q,3,1080,1920,1080,1920,"SimulcastEncoderAdapter (libvpx, libvpx, libvpx)",3,0,2,0,0,0.000677,0.024,0,,,,,,,live:a,"{""qualityLimitationDurations"":{""cpu"":0,""none"":17.639,""other"":0,""bandwidth"":6.915}}"
2026-08-30T12:26:30.545035+00:00,2026-08-30T12:26:30.306+00:00,director_shot_emitted,,a,show-dwlffblh,,,,,,,,,,,,,,,,,,,,,,,,,,,,,,,,,,"{""shot"":""wide"",""slot"":""a"",""sourceRole"":""wide"",""decisionSource"":""auto"",""targetIdentity"":""camfeed-a-wide-b15af972""}"
2026-08-30T12:26:30.545035+00:00,2026-08-30T12:26:30.306+00:00,shot_publish_success,,a,show-dwlffblh,,,,,,,,,,,,,,,,,,,,,,,,,,,,,,,,,,"{""shot"":""wide"",""slot"":""a"",""commandId"":""91e411e3-5566-459b-bc00-cca399476517"",""decisionSource"":""auto"",""connectionState"":""connected""}"
2026-08-30T12:26:31.509025+00:00,2026-08-30T12:26:30.497+00:00,window_blur,,a,show-dwlffblh,,,,,,,,,,,,,,,,,,,,,,,,,,,,,,,,,,
2026-08-30T12:26:31.509025+00:00,2026-08-30T12:26:30.498+00:00,window_focus,,a,show-dwlffblh,,,,,,,,,,,,,,,,,,,,,,,,,,,,,,,,,,
2026-08-30T12:26:31.509025+00:00,2026-08-30T12:26:30.509+00:00,window_blur,,a,show-dwlffblh,,,,,,,,,,,,,,,,,,,,,,,,,,,,,,,,,,
2026-08-30T12:26:31.509025+00:00,2026-08-30T12:26:30.51+00:00,visibility_hidden,,a,show-dwlffblh,,,,,,,,,,,,,,,,,,,,,,,,,,,,,,,,,,"{""audioContextState"":""running""}"
2026-08-30T12:26:31.509025+00:00,2026-08-30T12:26:30.51+00:00,wake_lock_released_by_system,,a,show-dwlffblh,,,,,,,,,,,,,,,,,,,,,,,,,,,,,,,,,live:a,
2026-08-30T12:26:31.509025+00:00,2026-08-30T12:26:31.171+00:00,track_liveness_snapshot,,a,show-dwlffblh,,,,,,,,,,,,,,,,,,,,,,,,,,,,,,,,,,"{""entries"":[{""key"":""camfeed-a-wide-b15af972:TR_VC5Z9mEoZEuMzf"",""frames"":479,""reason"":null,""staleSec"":1,""probation"":false},{""key"":""contestant-a-6171d5a7:TR_VCHFzHmQiGnt96"",""frames"":null,""reason"":null,""staleSec"":26,""probation"":false}],""trackCount"":2,""ineligibleCount"":0}"
2026-08-30T12:26:32.56629+00:00,2026-08-30T12:26:31.671+00:00,pub_stats,,a,show-dwlffblh,3027824,6092842,3000000,60,60,0,30,30,36.53,none,f,f+h+q,3,1080,1920,1080,1920,"SimulcastEncoderAdapter (libvpx, libvpx, libvpx)",3,0,2,0,0,0.0006879999999999999,0.023,0,,,,,,,live:a,"{""qualityLimitationDurations"":{""cpu"":0,""none"":19.639,""other"":0,""bandwidth"":6.915}}"
2026-08-30T12:26:34.537353+00:00,2026-08-30T12:26:33.671+00:00,pub_stats,,a,show-dwlffblh,2999136,6175199,3000000,60,60,0,30,30,32.17,none,f,f+h+q,3,1080,1920,1080,1920,"SimulcastEncoderAdapter (libvpx, libvpx, libvpx)",3,0,2,0,0,0.0007769999999999999,0.022,0,,,,,,,live:a,"{""qualityLimitationDurations"":{""cpu"":0,""none"":21.639,""other"":0,""bandwidth"":6.915}}"
2026-08-30T12:26:34.537353+00:00,2026-08-30T12:26:33.673+00:00,director_heartbeat,,a,show-dwlffblh,,,,,,,,,,,,,,,,,,,,,,,,,,,,,,,,,,"{""state"":""running""}"
2026-08-30T12:26:34.537353+00:00,2026-08-30T12:26:33.694+00:00,mic_level_sample,,a,show-dwlffblh,,,,,,,,,,,,,,,,,,,,,,,,,,,,,,,,,,"{""deviceId"":""a58e21953fa187ebbfa035f4c18fb6d2d3f12f0c3a35994d56f0781fea8405af"",""inputRms"":0.01596636211915454,""outputRms"":0.12933724715177525,""deviceLabel"":""MacBook Air Microphone (Built-in)"",""audioContextState"":""running""}"
2026-08-30T12:26:36.525487+00:00,2026-08-30T12:26:35.671+00:00,pub_stats,,a,show-dwlffblh,3026600,6198864,2969883,60,60,0,31,30,31.87,none,f,f+h+q,3,1080,1920,1080,1920,"SimulcastEncoderAdapter (libvpx, libvpx, libvpx)",3,0,2,0,0,0.000633,0.022,0,,,,,,,live:a,"{""qualityLimitationDurations"":{""cpu"":0,""none"":23.639,""other"":0,""bandwidth"":6.915}}"
2026-08-30T12:26:36.525487+00:00,2026-08-30T12:26:36.171+00:00,track_liveness_snapshot,,a,show-dwlffblh,,,,,,,,,,,,,,,,,,,,,,,,,,,,,,,,,,"{""entries"":[{""key"":""camfeed-a-wide-b15af972:TR_VC5Z9mEoZEuMzf"",""frames"":590,""reason"":null,""staleSec"":1,""probation"":false},{""key"":""contestant-a-6171d5a7:TR_VCHFzHmQiGnt96"",""frames"":null,""reason"":null,""staleSec"":31,""probation"":false}],""trackCount"":2,""ineligibleCount"":0}"
2026-08-30T12:26:38.552678+00:00,2026-08-30T12:26:37.671+00:00,pub_stats,,a,show-dwlffblh,2958216,6198864,2987205,59,59,0,30,30,32.54,none,f,f+h+q,3,1080,1920,1080,1920,"SimulcastEncoderAdapter (libvpx, libvpx, libvpx)",3,0,2,0,0,0.000566,0.024,0,,,,,,,live:a,"{""qualityLimitationDurations"":{""cpu"":0,""none"":25.639,""other"":0,""bandwidth"":6.915}}"
2026-08-30T12:26:39.533644+00:00,2026-08-30T12:26:38.694+00:00,mic_level_sample,,a,show-dwlffblh,,,,,,,,,,,,,,,,,,,,,,,,,,,,,,,,,,"{""deviceId"":""a58e21953fa187ebbfa035f4c18fb6d2d3f12f0c3a35994d56f0781fea8405af"",""inputRms"":0.04064348363825797,""outputRms"":0.0679232265696905,""deviceLabel"":""MacBook Air Microphone (Built-in)"",""audioContextState"":""running""}"
2026-08-30T12:26:40.503811+00:00,2026-08-30T12:26:39.671+00:00,pub_stats,,a,show-dwlffblh,3010596,6198864,2963765,60,60,0,30,30,33.05,none,f,f+h+q,3,1080,1920,1080,1920,"SimulcastEncoderAdapter (libvpx, libvpx, libvpx)",3,0,2,0,0,0.0006219999999999999,0.023,0,,,,,,,live:a,"{""qualityLimitationDurations"":{""cpu"":0,""none"":27.639,""other"":0,""bandwidth"":6.915}}"
2026-08-30T12:26:42.52203+00:00,2026-08-30T12:26:41.671+00:00,pub_stats,,a,show-dwlffblh,2990788,6256420,3000000,60,60,0,30,30,35.68,none,f,f+h+q,3,1080,1920,1080,1920,"SimulcastEncoderAdapter (libvpx, libvpx, libvpx)",3,0,2,0,0,0.000588,0.024,0,,,,,,,live:a,"{""qualityLimitationDurations"":{""cpu"":0,""none"":29.639,""other"":0,""bandwidth"":6.915}}"
2026-08-30T12:26:42.52203+00:00,2026-08-30T12:26:41.671+00:00,track_liveness_snapshot,,a,show-dwlffblh,,,,,,,,,,,,,,,,,,,,,,,,,,,,,,,,,,"{""entries"":[{""key"":""camfeed-a-wide-b15af972:TR_VC5Z9mEoZEuMzf"",""frames"":740,""reason"":null,""staleSec"":1,""probation"":false},{""key"":""contestant-a-6171d5a7:TR_VCHFzHmQiGnt96"",""frames"":null,""reason"":null,""staleSec"":36,""probation"":false}],""trackCount"":2,""ineligibleCount"":0}"
2026-08-30T12:26:44.550003+00:00,2026-08-30T12:26:43.671+00:00,pub_stats,,a,show-dwlffblh,3015480,6259738,3000000,60,60,0,30,30,37.2,none,f,f+h+q,3,1080,1920,1080,1920,"SimulcastEncoderAdapter (libvpx, libvpx, libvpx)",3,0,2,0,0,0.000633,0.024,0,,,,,,,live:a,"{""qualityLimitationDurations"":{""cpu"":0,""none"":31.638,""other"":0,""bandwidth"":6.915}}"
2026-08-30T12:26:44.550003+00:00,2026-08-30T12:26:43.673+00:00,director_heartbeat,,a,show-dwlffblh,,,,,,,,,,,,,,,,,,,,,,,,,,,,,,,,,,"{""state"":""running""}"
2026-08-30T12:26:44.550003+00:00,2026-08-30T12:26:43.696+00:00,mic_level_sample,,a,show-dwlffblh,,,,,,,,,,,,,,,,,,,,,,,,,,,,,,,,,,"{""deviceId"":""a58e21953fa187ebbfa035f4c18fb6d2d3f12f0c3a35994d56f0781fea8405af"",""inputRms"":0.048687959131024014,""outputRms"":0.2371939384229729,""deviceLabel"":""MacBook Air Microphone (Built-in)"",""audioContextState"":""running""}"
2026-08-30T12:26:46.49885+00:00,2026-08-30T12:26:45.671+00:00,pub_stats,,a,show-dwlffblh,2966508,6259738,3000000,60,60,0,30,30,33.77,none,f,f+h+q,3,1080,1920,1080,1920,"SimulcastEncoderAdapter (libvpx, libvpx, libvpx)",3,0,2,0,0,0.000588,0.023,0,,,,,,,live:a,"{""qualityLimitationDurations"":{""cpu"":0,""none"":33.639,""other"":0,""bandwidth"":6.915}}"
2026-08-30T12:26:47.583029+00:00,2026-08-30T12:26:46.671+00:00,track_liveness_snapshot,,a,show-dwlffblh,,,,,,,,,,,,,,,,,,,,,,,,,,,,,,,,,,"{""entries"":[{""key"":""camfeed-a-wide-b15af972:TR_VC5Z9mEoZEuMzf"",""frames"":890,""reason"":null,""staleSec"":1,""probation"":false},{""key"":""contestant-a-6171d5a7:TR_VCHFzHmQiGnt96"",""frames"":null,""reason"":null,""staleSec"":41,""probation"":false}],""trackCount"":2,""ineligibleCount"":0}"
2026-08-30T12:26:48.569092+00:00,2026-08-30T12:26:47.671+00:00,pub_stats,,a,show-dwlffblh,3067416,6259738,2953038,60,60,0,30,30,32.92,none,f,f+h+q,3,1080,1920,1080,1920,"SimulcastEncoderAdapter (libvpx, libvpx, libvpx)",3,0,2,0,0,0.000611,0.024,0,,,,,,,live:a,"{""qualityLimitationDurations"":{""cpu"":0,""none"":35.638,""other"":0,""bandwidth"":6.915}}"
2026-08-30T12:26:48.569092+00:00,2026-08-30T12:26:48.066+00:00,director_shot_emitted,,a,show-dwlffblh,,,,,,,,,,,,,,,,,,,,,,,,,,,,,,,,,,"{""shot"":""zoomIn"",""slot"":""a"",""sourceRole"":""main"",""decisionSource"":""auto"",""targetIdentity"":""contestant-a-6171d5a7""}"
2026-08-30T12:26:48.569092+00:00,2026-08-30T12:26:48.067+00:00,shot_publish_success,,a,show-dwlffblh,,,,,,,,,,,,,,,,,,,,,,,,,,,,,,,,,,"{""shot"":""zoomIn"",""slot"":""a"",""commandId"":""746ad822-e683-475c-867a-27a4c3322746"",""decisionSource"":""auto"",""connectionState"":""connected""}"
2026-08-30T12:26:49.524089+00:00,2026-08-30T12:26:48.695+00:00,mic_level_sample,,a,show-dwlffblh,,,,,,,,,,,,,,,,,,,,,,,,,,,,,,,,,,"{""deviceId"":""a58e21953fa187ebbfa035f4c18fb6d2d3f12f0c3a35994d56f0781fea8405af"",""inputRms"":0.045370118090667655,""outputRms"":0.0998381653219383,""deviceLabel"":""MacBook Air Microphone (Built-in)"",""audioContextState"":""running""}"
2026-08-30T12:26:50.744043+00:00,2026-08-30T12:26:49.67+00:00,pub_stats,,a,show-dwlffblh,2970285,6359852,2964585,60,60,0,30,30,38.7,none,f,f+h+q,3,1080,1920,1080,1920,"SimulcastEncoderAdapter (libvpx, libvpx, libvpx)",3,0,2,0,0,0.000655,0.024,0,,,,,,,live:a,"{""qualityLimitationDurations"":{""cpu"":0,""none"":37.638,""other"":0,""bandwidth"":6.915}}"
2026-08-30T12:26:52.522592+00:00,2026-08-30T12:26:51.671+00:00,track_liveness_snapshot,,a,show-dwlffblh,,,,,,,,,,,,,,,,,,,,,,,,,,,,,,,,,,"{""entries"":[{""key"":""camfeed-a-wide-b15af972:TR_VC5Z9mEoZEuMzf"",""frames"":1023,""reason"":null,""staleSec"":1,""probation"":false},{""key"":""contestant-a-6171d5a7:TR_VCHFzHmQiGnt96"",""frames"":null,""reason"":null,""staleSec"":46,""probation"":false}],""trackCount"":2,""ineligibleCount"":0}"
2026-08-30T12:26:52.522592+00:00,2026-08-30T12:26:51.676+00:00,pub_stats,,a,show-dwlffblh,2884865,6359852,3000000,60,60,0,30,29,36.23,none,f,f+h+q,3,1080,1920,1080,1920,"SimulcastEncoderAdapter (libvpx, libvpx, libvpx)",3,0,2,0,0,0.0007109999999999999,0.025,0,,,,,,,live:a,"{""qualityLimitationDurations"":{""cpu"":0,""none"":39.641,""other"":0,""bandwidth"":6.915}}"
2026-08-30T12:26:54.549669+00:00,2026-08-30T12:26:53.67+00:00,pub_stats,,a,show-dwlffblh,3070187,6497968,2988750,60,60,0,30,30,33.77,none,f,f+h+q,3,1080,1920,1080,1920,"SimulcastEncoderAdapter (libvpx, libvpx, libvpx)",3,0,2,0,0,0.000588,0.025,0,,,,,,,live:a,"{""qualityLimitationDurations"":{""cpu"":0,""none"":41.638,""other"":0,""bandwidth"":6.915}}"
2026-08-30T12:26:54.549669+00:00,2026-08-30T12:26:53.673+00:00,director_heartbeat,,a,show-dwlffblh,,,,,,,,,,,,,,,,,,,,,,,,,,,,,,,,,,"{""state"":""running""}"
2026-08-30T12:26:54.549669+00:00,2026-08-30T12:26:53.696+00:00,mic_level_sample,,a,show-dwlffblh,,,,,,,,,,,,,,,,,,,,,,,,,,,,,,,,,,"{""deviceId"":""a58e21953fa187ebbfa035f4c18fb6d2d3f12f0c3a35994d56f0781fea8405af"",""inputRms"":0.05061873057778724,""outputRms"":0.08878728765457695,""deviceLabel"":""MacBook Air Microphone (Built-in)"",""audioContextState"":""running""}"
2026-08-30T12:26:56.588317+00:00,2026-08-30T12:26:55.67+00:00,pub_stats,,a,show-dwlffblh,2990508,6497968,2959525,60,60,0,30,29,33.5,none,f,f+h+q,3,1080,1920,1080,1920,"SimulcastEncoderAdapter (libvpx, libvpx, libvpx)",3,0,2,0,0,0.000677,0.025,0,,,,,,,live:a,"{""qualityLimitationDurations"":{""cpu"":0,""none"":43.638,""other"":0,""bandwidth"":6.915}}"
2026-08-30T12:26:57.510157+00:00,2026-08-30T12:26:57.171+00:00,track_liveness_snapshot,,a,show-dwlffblh,,,,,,,,,,,,,,,,,,,,,,,,,,,,,,,,,,"{""entries"":[{""key"":""camfeed-a-wide-b15af972:TR_VC5Z9mEoZEuMzf"",""frames"":1171,""reason"":null,""staleSec"":1,""probation"":false},{""key"":""contestant-a-6171d5a7:TR_VCHFzHmQiGnt96"",""frames"":null,""reason"":null,""staleSec"":52,""probation"":false}],""trackCount"":2,""ineligibleCount"":0}"
2026-08-30T12:26:59.13671+00:00,2026-08-30T12:26:57.671+00:00,pub_stats,,a,show-dwlffblh,2962011,6497968,3000000,60,60,0,30,29,32.82,none,f,f+h+q,3,1080,1920,1080,1920,"SimulcastEncoderAdapter (libvpx, libvpx, libvpx)",3,0,2,0,0,0.000722,0.023,0,,,,,,,live:a,"{""qualityLimitationDurations"":{""cpu"":0,""none"":45.638,""other"":0,""bandwidth"":6.915}}"
2026-08-30T12:26:59.712321+00:00,2026-08-30T12:26:58.695+00:00,mic_level_sample,,a,show-dwlffblh,,,,,,,,,,,,,,,,,,,,,,,,,,,,,,,,,,"{""deviceId"":""a58e21953fa187ebbfa035f4c18fb6d2d3f12f0c3a35994d56f0781fea8405af"",""inputRms"":0.05963731211504111,""outputRms"":0.09962874334568517,""deviceLabel"":""MacBook Air Microphone (Built-in)"",""audioContextState"":""running""}"
2026-08-30T12:27:00.697693+00:00,2026-08-30T12:26:59.671+00:00,pub_stats,,a,show-dwlffblh,3053020,6497968,2914413,60,60,0,30,29,31.67,none,f,f+h+q,3,1080,1920,1080,1920,"SimulcastEncoderAdapter (libvpx, libvpx, libvpx)",3,0,2,0,0,0.0006,0.023,0,,,,,,,live:a,"{""qualityLimitationDurations"":{""cpu"":0,""none"":47.639,""other"":0,""bandwidth"":6.915}}"
2026-08-30T12:27:02.68079+00:00,2026-08-30T12:27:01.459+00:00,director_shot_emitted,,a,show-dwlffblh,,,,,,,,,,,,,,,,,,,,,,,,,,,,,,,,,,"{""shot"":""wide"",""slot"":""a"",""sourceRole"":""wide"",""decisionSource"":""auto"",""targetIdentity"":""camfeed-a-wide-b15af972""}"
2026-08-30T12:27:02.68079+00:00,2026-08-30T12:27:01.459+00:00,shot_publish_success,,a,show-dwlffblh,,,,,,,,,,,,,,,,,,,,,,,,,,,,,,,,,,"{""shot"":""wide"",""slot"":""a"",""commandId"":""6604aba2-bc8a-424e-bea5-904866d2b6c5"",""decisionSource"":""auto"",""connectionState"":""connected""}"
2026-08-30T12:27:02.68079+00:00,2026-08-30T12:27:01.672+00:00,pub_stats,,a,show-dwlffblh,2909821,6497968,3000000,60,60,0,30,29,33.83,none,f,f+h+q,3,1080,1920,1080,1920,"SimulcastEncoderAdapter (libvpx, libvpx, libvpx)",3,0,2,0,0,0.0005549999999999999,0.023,0,,,,,,,live:a,"{""qualityLimitationDurations"":{""cpu"":0,""none"":49.639,""other"":0,""bandwidth"":6.915}}"
2026-08-30T12:27:03.52616+00:00,2026-08-30T12:27:02.67+00:00,track_liveness_snapshot,,a,show-dwlffblh,,,,,,,,,,,,,,,,,,,,,,,,,,,,,,,,,,"{""entries"":[{""key"":""camfeed-a-wide-b15af972:TR_VC5Z9mEoZEuMzf"",""frames"":1315,""reason"":null,""staleSec"":1,""probation"":false},{""key"":""contestant-a-6171d5a7:TR_VCHFzHmQiGnt96"",""frames"":null,""reason"":null,""staleSec"":57,""probation"":false}],""trackCount"":2,""ineligibleCount"":0}"
2026-08-30T12:27:04.549732+00:00,2026-08-30T12:27:03.671+00:00,pub_stats,,a,show-dwlffblh,2984672,6497968,3000000,60,60,0,30,29,31.17,none,f,f+h+q,3,1080,1920,1080,1920,"SimulcastEncoderAdapter (libvpx, libvpx, libvpx)",3,0,2,0,0,0.000388,0.024,0,,,,,,,live:a,"{""qualityLimitationDurations"":{""cpu"":0,""none"":51.638,""other"":0,""bandwidth"":6.915}}"
2026-08-30T12:27:04.549732+00:00,2026-08-30T12:27:03.673+00:00,director_heartbeat,,a,show-dwlffblh,,,,,,,,,,,,,,,,,,,,,,,,,,,,,,,,,,"{""state"":""running""}"
2026-08-30T12:27:04.549732+00:00,2026-08-30T12:27:03.695+00:00,mic_level_sample,,a,show-dwlffblh,,,,,,,,,,,,,,,,,,,,,,,,,,,,,,,,,,"{""deviceId"":""a58e21953fa187ebbfa035f4c18fb6d2d3f12f0c3a35994d56f0781fea8405af"",""inputRms"":0.0695753311630387,""outputRms"":0.18859674146725422,""deviceLabel"":""MacBook Air Microphone (Built-in)"",""audioContextState"":""running""}"
2026-08-30T12:27:06.529832+00:00,2026-08-30T12:27:05.671+00:00,pub_stats,,a,show-dwlffblh,2946548,6497968,3000000,60,60,0,30,29,25.93,none,f,f+h+q,3,1080,1920,1080,1920,"SimulcastEncoderAdapter (libvpx, libvpx, libvpx)",3,0,2,0,0,0.0007109999999999999,0.023,0,,,,,,,live:a,"{""qualityLimitationDurations"":{""cpu"":0,""none"":53.639,""other"":0,""bandwidth"":6.915}}"
2026-08-30T12:27:08.524698+00:00,2026-08-30T12:27:07.671+00:00,pub_stats,,a,show-dwlffblh,3100840,6497968,3000000,60,60,0,30,29,25.42,none,f,f+h+q,3,1080,1920,1080,1920,"SimulcastEncoderAdapter (libvpx, libvpx, libvpx)",3,0,2,0,0,0.0007,0.023,0,,,,,,,live:a,"{""qualityLimitationDurations"":{""cpu"":0,""none"":55.639,""other"":0,""bandwidth"":6.915}}"
2026-08-30T12:27:08.524698+00:00,2026-08-30T12:27:07.671+00:00,track_liveness_snapshot,,a,show-dwlffblh,,,,,,,,,,,,,,,,,,,,,,,,,,,,,,,,,,"{""entries"":[{""key"":""camfeed-a-wide-b15af972:TR_VC5Z9mEoZEuMzf"",""frames"":1464,""reason"":null,""staleSec"":1,""probation"":false},{""key"":""contestant-a-6171d5a7:TR_VCHFzHmQiGnt96"",""frames"":null,""reason"":null,""staleSec"":62,""probation"":false}],""trackCount"":2,""ineligibleCount"":0}"
2026-08-30T12:27:09.519516+00:00,2026-08-30T12:27:08.695+00:00,mic_level_sample,,a,show-dwlffblh,,,,,,,,,,,,,,,,,,,,,,,,,,,,,,,,,,"{""deviceId"":""a58e21953fa187ebbfa035f4c18fb6d2d3f12f0c3a35994d56f0781fea8405af"",""inputRms"":0.03534551676167112,""outputRms"":0.08874788930600919,""deviceLabel"":""MacBook Air Microphone (Built-in)"",""audioContextState"":""running""}"
2026-08-30T12:27:10.528474+00:00,2026-08-30T12:27:09.672+00:00,pub_stats,,a,show-dwlffblh,3029021,6497968,2888935,60,60,0,30,29,31.47,none,f,f+h+q,3,1080,1920,1080,1920,"SimulcastEncoderAdapter (libvpx, libvpx, libvpx)",3,0,2,0,0,0.000888,0.023,0,,,,,,,live:a,"{""qualityLimitationDurations"":{""cpu"":0,""none"":57.639,""other"":0,""bandwidth"":6.915}}"
2026-08-30T12:27:12.721903+00:00,2026-08-30T12:27:11.671+00:00,pub_stats,,a,show-dwlffblh,2862367,6497968,3000000,60,60,0,30,29,35,none,f,f+h+q,3,1080,1920,1080,1920,"SimulcastEncoderAdapter (libvpx, libvpx, libvpx)",3,0,2,0,0,0.0007769999999999999,0.023,0,,,,,,,live:a,"{""qualityLimitationDurations"":{""cpu"":0,""none"":59.639,""other"":0,""bandwidth"":6.915}}"
2026-08-30T12:27:13.502414+00:00,2026-08-30T12:27:12.671+00:00,track_liveness_snapshot,,a,show-dwlffblh,,,,,,,,,,,,,,,,,,,,,,,,,,,,,,,,,,"{""entries"":[{""key"":""camfeed-a-wide-b15af972:TR_VC5Z9mEoZEuMzf"",""frames"":1614,""reason"":null,""staleSec"":1,""probation"":false},{""key"":""contestant-a-6171d5a7:TR_VCHFzHmQiGnt96"",""frames"":null,""reason"":null,""staleSec"":67,""probation"":false}],""trackCount"":2,""ineligibleCount"":0}"
2026-08-30T12:27:14.509154+00:00,2026-08-30T12:27:13.67+00:00,pub_stats,,a,show-dwlffblh,3068258,6546034,3000000,60,60,0,30,30,29.9,none,f,f+h+q,3,1080,1920,1080,1920,"SimulcastEncoderAdapter (libvpx, libvpx, libvpx)",3,0,2,0,0,0.0006439999999999999,0.022,0,,,,,,,live:a,"{""qualityLimitationDurations"":{""cpu"":0,""none"":61.638,""other"":0,""bandwidth"":6.915}}"
2026-08-30T12:27:14.509154+00:00,2026-08-30T12:27:13.673+00:00,director_heartbeat,,a,show-dwlffblh,,,,,,,,,,,,,,,,,,,,,,,,,,,,,,,,,,"{""state"":""running""}"
2026-08-30T12:27:14.509154+00:00,2026-08-30T12:27:13.694+00:00,mic_level_sample,,a,show-dwlffblh,,,,,,,,,,,,,,,,,,,,,,,,,,,,,,,,,,"{""deviceId"":""a58e21953fa187ebbfa035f4c18fb6d2d3f12f0c3a35994d56f0781fea8405af"",""inputRms"":0.05362690869774494,""outputRms"":0.30819090991620457,""deviceLabel"":""MacBook Air Microphone (Built-in)"",""audioContextState"":""running""}"
2026-08-30T12:27:16.527173+00:00,2026-08-30T12:27:15.671+00:00,pub_stats,,a,show-dwlffblh,2918949,6577197,2945993,60,60,0,30,30,33.4,none,f,f+h+q,3,1080,1920,1080,1920,"SimulcastEncoderAdapter (libvpx, libvpx, libvpx)",3,0,2,0,0,0.0005549999999999999,0.023,0,,,,,,,live:a,"{""qualityLimitationDurations"":{""cpu"":0,""none"":63.639,""other"":0,""bandwidth"":6.915}}"
2026-08-30T12:27:18.52532+00:00,2026-08-30T12:27:17.671+00:00,track_liveness_snapshot,,a,show-dwlffblh,,,,,,,,,,,,,,,,,,,,,,,,,,,,,,,,,,"{""entries"":[{""key"":""camfeed-a-wide-b15af972:TR_VC5Z9mEoZEuMzf"",""frames"":1762,""reason"":null,""staleSec"":1,""probation"":false},{""key"":""contestant-a-6171d5a7:TR_VCHFzHmQiGnt96"",""frames"":null,""reason"":null,""staleSec"":72,""probation"":false}],""trackCount"":2,""ineligibleCount"":0}"
2026-08-30T12:27:18.52532+00:00,2026-08-30T12:27:17.671+00:00,pub_stats,,a,show-dwlffblh,3002684,6577197,3000000,60,60,0,30,30,30.68,none,f,f+h+q,3,1080,1920,1080,1920,"SimulcastEncoderAdapter (libvpx, libvpx, libvpx)",3,0,2,0,0,0.000488,0.023,0,,,,,,,live:a,"{""qualityLimitationDurations"":{""cpu"":0,""none"":65.639,""other"":0,""bandwidth"":6.915}}"
2026-08-30T12:27:19.527426+00:00,2026-08-30T12:27:18.696+00:00,mic_level_sample,,a,show-dwlffblh,,,,,,,,,,,,,,,,,,,,,,,,,,,,,,,,,,"{""deviceId"":""a58e21953fa187ebbfa035f4c18fb6d2d3f12f0c3a35994d56f0781fea8405af"",""inputRms"":0.018229324955013847,""outputRms"":0.0811778932105613,""deviceLabel"":""MacBook Air Microphone (Built-in)"",""audioContextState"":""running""}"
2026-08-30T12:27:19.527426+00:00,2026-08-30T12:27:18.87+00:00,director_shot_emitted,,a,show-dwlffblh,,,,,,,,,,,,,,,,,,,,,,,,,,,,,,,,,,"{""shot"":""mediumCU"",""slot"":""a"",""sourceRole"":""main"",""decisionSource"":""auto"",""targetIdentity"":""contestant-a-6171d5a7""}"
2026-08-30T12:27:19.527426+00:00,2026-08-30T12:27:18.87+00:00,shot_publish_success,,a,show-dwlffblh,,,,,,,,,,,,,,,,,,,,,,,,,,,,,,,,,,"{""shot"":""mediumCU"",""slot"":""a"",""commandId"":""8842903c-cbb7-4ba2-8397-5367e53ecfc5"",""decisionSource"":""auto"",""connectionState"":""connected""}"
2026-08-30T12:27:20.541481+00:00,2026-08-30T12:27:19.671+00:00,pub_stats,,a,show-dwlffblh,3042136,6577197,3000000,60,60,0,30,30,29.17,none,f,f+h+q,3,1080,1920,1080,1920,"SimulcastEncoderAdapter (libvpx, libvpx, libvpx)",3,0,2,0,0,0.000566,0.024,0,,,,,,,live:a,"{""qualityLimitationDurations"":{""cpu"":0,""none"":67.639,""other"":0,""bandwidth"":6.915}}"
2026-08-30T12:27:22.54044+00:00,2026-08-30T12:27:21.67+00:00,pub_stats,,a,show-dwlffblh,2975128,6577197,2977775,60,60,0,30,30,32.18,none,f,f+h+q,3,1080,1920,1080,1920,"SimulcastEncoderAdapter (libvpx, libvpx, libvpx)",3,0,2,0,0,0.0006659999999999999,0.024,0,,,,,,,live:a,"{""qualityLimitationDurations"":{""cpu"":0,""none"":69.638,""other"":0,""bandwidth"":6.915}}"
2026-08-30T12:27:23.60356+00:00,2026-08-30T12:27:23.17+00:00,track_liveness_snapshot,,a,show-dwlffblh,,,,,,,,,,,,,,,,,,,,,,,,,,,,,,,,,,"{""entries"":[{""key"":""camfeed-a-wide-b15af972:TR_VC5Z9mEoZEuMzf"",""frames"":1943,""reason"":null,""staleSec"":1,""probation"":false},{""key"":""contestant-a-6171d5a7:TR_VCHFzHmQiGnt96"",""frames"":null,""reason"":null,""staleSec"":78,""probation"":false}],""trackCount"":2,""ineligibleCount"":0}"
2026-08-30T12:27:24.509581+00:00,2026-08-30T12:27:23.671+00:00,pub_stats,,a,show-dwlffblh,2936804,6577197,3000000,60,60,0,30,30,28.97,none,f,f+h+q,3,1080,1920,1080,1920,"SimulcastEncoderAdapter (libvpx, libvpx, libvpx)",3,0,2,0,0,0.0006219999999999999,0.022,0,,,,,,,live:a,"{""qualityLimitationDurations"":{""cpu"":0,""none"":71.639,""other"":0,""bandwidth"":6.915}}"
2026-08-30T12:27:24.509581+00:00,2026-08-30T12:27:23.672+00:00,director_heartbeat,,a,show-dwlffblh,,,,,,,,,,,,,,,,,,,,,,,,,,,,,,,,,,"{""state"":""running""}"
2026-08-30T12:27:24.509581+00:00,2026-08-30T12:27:23.695+00:00,mic_level_sample,,a,show-dwlffblh,,,,,,,,,,,,,,,,,,,,,,,,,,,,,,,,,,"{""deviceId"":""a58e21953fa187ebbfa035f4c18fb6d2d3f12f0c3a35994d56f0781fea8405af"",""inputRms"":0.05827490550117574,""outputRms"":0.08085755449679193,""deviceLabel"":""MacBook Air Microphone (Built-in)"",""audioContextState"":""running""}"
2026-08-30T12:27:26.507972+00:00,2026-08-30T12:27:25.672+00:00,pub_stats,,a,show-dwlffblh,3090523,6577197,2986035,60,60,0,30,30,24.57,none,f,f+h+q,3,1080,1920,1080,1920,"SimulcastEncoderAdapter (libvpx, libvpx, libvpx)",3,0,2,0,0,0.000488,0.022,0,,,,,,,live:a,"{""qualityLimitationDurations"":{""cpu"":0,""none"":73.639,""other"":0,""bandwidth"":6.915}}"
2026-08-30T12:27:28.50365+00:00,2026-08-30T12:27:27.671+00:00,pub_stats,,a,show-dwlffblh,2962193,6577197,2950503,60,60,0,31,30,27.17,none,f,f+h+q,3,1080,1920,1080,1920,"SimulcastEncoderAdapter (libvpx, libvpx, libvpx)",3,0,2,0,0,0.0005769999999999999,0.022,0,,,,,,,live:a,"{""qualityLimitationDurations"":{""cpu"":0,""none"":75.639,""other"":0,""bandwidth"":6.915}}"
2026-08-30T12:27:28.50365+00:00,2026-08-30T12:27:28.17+00:00,track_liveness_snapshot,,a,show-dwlffblh,,,,,,,,,,,,,,,,,,,,,,,,,,,,,,,,,,"{""entries"":[{""key"":""camfeed-a-wide-b15af972:TR_VC5Z9mEoZEuMzf"",""frames"":2093,""reason"":null,""staleSec"":0,""probation"":false},{""key"":""contestant-a-6171d5a7:TR_VCHFzHmQiGnt96"",""frames"":null,""reason"":null,""staleSec"":83,""probation"":false}],""trackCount"":2,""ineligibleCount"":0}"
2026-08-30T12:27:29.516285+00:00,2026-08-30T12:27:28.695+00:00,mic_level_sample,,a,show-dwlffblh,,,,,,,,,,,,,,,,,,,,,,,,,,,,,,,,,,"{""deviceId"":""a58e21953fa187ebbfa035f4c18fb6d2d3f12f0c3a35994d56f0781fea8405af"",""inputRms"":0.09548587812108167,""outputRms"":0.1827413259111684,""deviceLabel"":""MacBook Air Microphone (Built-in)"",""audioContextState"":""running""}"
2026-08-30T12:27:30.600154+00:00,2026-08-30T12:27:29.671+00:00,pub_stats,,a,show-dwlffblh,2909836,6577197,3000000,60,60,0,31,30,25.97,none,f,f+h+q,3,1080,1920,1080,1920,"SimulcastEncoderAdapter (libvpx, libvpx, libvpx)",3,0,2,0,0,0.0005769999999999999,0.023,0,,,,,,,live:a,"{""qualityLimitationDurations"":{""cpu"":0,""none"":77.639,""other"":0,""bandwidth"":6.915}}"
2026-08-30T12:27:31.506449+00:00,2026-08-30T12:27:30.725+00:00,director_shot_emitted,,a,show-dwlffblh,,,,,,,,,,,,,,,,,,,,,,,,,,,,,,,,,,"{""shot"":""wide"",""slot"":""a"",""sourceRole"":""wide"",""decisionSource"":""auto"",""targetIdentity"":""camfeed-a-wide-b15af972""}"
2026-08-30T12:27:31.506449+00:00,2026-08-30T12:27:30.725+00:00,shot_publish_success,,a,show-dwlffblh,,,,,,,,,,,,,,,,,,,,,,,,,,,,,,,,,,"{""shot"":""wide"",""slot"":""a"",""commandId"":""a362c6eb-bfaf-4210-ba23-941aa1338345"",""decisionSource"":""auto"",""connectionState"":""connected""}"
2026-08-30T12:27:32.52569+00:00,2026-08-30T12:27:31.67+00:00,pub_stats,,a,show-dwlffblh,3079332,6613712,2944695,60,60,0,31,30,29.08,none,f,f+h+q,3,1080,1920,1080,1920,"SimulcastEncoderAdapter (libvpx, libvpx, libvpx)",3,0,2,0,0,0.000522,0.021,0,,,,,,,live:a,"{""qualityLimitationDurations"":{""cpu"":0,""none"":79.638,""other"":0,""bandwidth"":6.915}}"
2026-08-30T12:27:33.559195+00:00,2026-08-30T12:27:33.17+00:00,track_liveness_snapshot,,a,show-dwlffblh,,,,,,,,,,,,,,,,,,,,,,,,,,,,,,,,,,"{""entries"":[{""key"":""camfeed-a-wide-b15af972:TR_VC5Z9mEoZEuMzf"",""frames"":2242,""reason"":null,""staleSec"":1,""probation"":false},{""key"":""contestant-a-6171d5a7:TR_VCHFzHmQiGnt96"",""frames"":null,""reason"":null,""staleSec"":88,""probation"":false}],""trackCount"":2,""ineligibleCount"":0}"
2026-08-30T12:27:34.520025+00:00,2026-08-30T12:27:33.67+00:00,pub_stats,,a,show-dwlffblh,2930368,6613712,3000000,60,60,0,31,30,27.9,none,f,f+h+q,3,1080,1920,1080,1920,"SimulcastEncoderAdapter (libvpx, libvpx, libvpx)",3,0,2,0,0,0.000511,0.021,0,,,,,,,live:a,"{""qualityLimitationDurations"":{""cpu"":0,""none"":81.638,""other"":0,""bandwidth"":6.915}}"
2026-08-30T12:27:34.520025+00:00,2026-08-30T12:27:33.673+00:00,director_heartbeat,,a,show-dwlffblh,,,,,,,,,,,,,,,,,,,,,,,,,,,,,,,,,,"{""state"":""running""}"
2026-08-30T12:27:34.520025+00:00,2026-08-30T12:27:33.694+00:00,mic_level_sample,,a,show-dwlffblh,,,,,,,,,,,,,,,,,,,,,,,,,,,,,,,,,,"{""deviceId"":""a58e21953fa187ebbfa035f4c18fb6d2d3f12f0c3a35994d56f0781fea8405af"",""inputRms"":0.09403672243525003,""outputRms"":0.20624871974180833,""deviceLabel"":""MacBook Air Microphone (Built-in)"",""audioContextState"":""running""}"
2026-08-30T12:27:36.658774+00:00,2026-08-30T12:27:35.671+00:00,pub_stats,,a,show-dwlffblh,3022709,6613712,2978448,60,60,0,31,30,33.53,none,f,f+h+q,3,1080,1920,1080,1920,"SimulcastEncoderAdapter (libvpx, libvpx, libvpx)",3,0,2,0,0,0.0005549999999999999,0.023,0,,,,,,,live:a,"{""qualityLimitationDurations"":{""cpu"":0,""none"":83.639,""other"":0,""bandwidth"":6.915}}"
2026-08-30T12:27:38.516835+00:00,2026-08-30T12:27:37.671+00:00,pub_stats,,a,show-dwlffblh,3016992,6613712,3000000,60,60,0,31,30,28.82,none,f,f+h+q,3,1080,1920,1080,1920,"SimulcastEncoderAdapter (libvpx, libvpx, libvpx)",3,0,2,0,0,0.000588,0.025,0,,,,,,,live:a,"{""qualityLimitationDurations"":{""cpu"":0,""none"":85.639,""other"":0,""bandwidth"":6.915}}"
2026-08-30T12:27:38.516835+00:00,2026-08-30T12:27:38.17+00:00,track_liveness_snapshot,,a,show-dwlffblh,,,,,,,,,,,,,,,,,,,,,,,,,,,,,,,,,,"{""entries"":[{""key"":""camfeed-a-wide-b15af972:TR_VC5Z9mEoZEuMzf"",""frames"":2382,""reason"":null,""staleSec"":0,""probation"":false},{""key"":""contestant-a-6171d5a7:TR_VCHFzHmQiGnt96"",""frames"":null,""reason"":null,""staleSec"":93,""probation"":false}],""trackCount"":2,""ineligibleCount"":0}"
2026-08-30T12:27:39.508576+00:00,2026-08-30T12:27:38.694+00:00,mic_level_sample,,a,show-dwlffblh,,,,,,,,,,,,,,,,,,,,,,,,,,,,,,,,,,"{""deviceId"":""a58e21953fa187ebbfa035f4c18fb6d2d3f12f0c3a35994d56f0781fea8405af"",""inputRms"":0.035421828683972416,""outputRms"":0.13887518254456718,""deviceLabel"":""MacBook Air Microphone (Built-in)"",""audioContextState"":""running""}"
2026-08-30T12:27:40.497325+00:00,2026-08-30T12:27:39.671+00:00,pub_stats,,a,show-dwlffblh,3053708,6613712,2916102,60,60,0,31,30,32.1,none,f,f+h+q,3,1080,1920,1080,1920,"SimulcastEncoderAdapter (libvpx, libvpx, libvpx)",3,0,2,0,0,0.000655,0.026,0,,,,,,,live:a,"{""qualityLimitationDurations"":{""cpu"":0,""none"":87.639,""other"":0,""bandwidth"":6.915}}"
2026-08-30T12:27:42.513801+00:00,2026-08-30T12:27:41.671+00:00,pub_stats,,a,show-dwlffblh,2916668,6613712,3000000,60,60,0,31,30,33.87,none,f,f+h+q,3,1080,1920,1080,1920,"SimulcastEncoderAdapter (libvpx, libvpx, libvpx)",3,0,2,0,0,0.000522,0.026,0,,,,,,,live:a,"{""qualityLimitationDurations"":{""cpu"":0,""none"":89.639,""other"":0,""bandwidth"":6.915}}"
2026-08-30T12:27:43.518277+00:00,2026-08-30T12:27:43.171+00:00,track_liveness_snapshot,,a,show-dwlffblh,,,,,,,,,,,,,,,,,,,,,,,,,,,,,,,,,,"{""entries"":[{""key"":""camfeed-a-wide-b15af972:TR_VC5Z9mEoZEuMzf"",""frames"":2532,""reason"":null,""staleSec"":1,""probation"":false},{""key"":""contestant-a-6171d5a7:TR_VCHFzHmQiGnt96"",""frames"":null,""reason"":null,""staleSec"":98,""probation"":false}],""trackCount"":2,""ineligibleCount"":0}"
2026-08-30T12:27:44.532737+00:00,2026-08-30T12:27:43.671+00:00,pub_stats,,a,show-dwlffblh,3126448,6686776,2954480,59,59,0,30,29,47.02,none,f,f+h+q,3,1080,1920,1080,1920,"SimulcastEncoderAdapter (libvpx, libvpx, libvpx)",3,0,2,0,0,0.000677,0.024,0,,,,,,,live:a,"{""qualityLimitationDurations"":{""cpu"":0,""none"":91.639,""other"":0,""bandwidth"":6.915}}"
2026-08-30T12:27:44.532737+00:00,2026-08-30T12:27:43.673+00:00,director_heartbeat,,a,show-dwlffblh,,,,,,,,,,,,,,,,,,,,,,,,,,,,,,,,,,"{""state"":""running""}"
2026-08-30T12:27:44.532737+00:00,2026-08-30T12:27:43.694+00:00,mic_level_sample,,a,show-dwlffblh,,,,,,,,,,,,,,,,,,,,,,,,,,,,,,,,,,"{""deviceId"":""a58e21953fa187ebbfa035f4c18fb6d2d3f12f0c3a35994d56f0781fea8405af"",""inputRms"":0.08493863332785588,""outputRms"":0.273091387192186,""deviceLabel"":""MacBook Air Microphone (Built-in)"",""audioContextState"":""running""}"
2026-08-30T12:27:46.509076+00:00,2026-08-30T12:27:45.671+00:00,pub_stats,,a,show-dwlffblh,2709424,6686776,3000000,60,60,0,30,30,57.2,none,f,f+h+q,3,1080,1920,1080,1920,"SimulcastEncoderAdapter (libvpx, libvpx, libvpx)",3,0,2,0,0,0.0006879999999999999,0.023,0,,,,,,,live:a,"{""qualityLimitationDurations"":{""cpu"":0,""none"":93.639,""other"":0,""bandwidth"":6.915}}"
2026-08-30T12:27:47.501532+00:00,2026-08-30T12:27:47.046+00:00,director_shot_emitted,,a,show-dwlffblh,,,,,,,,,,,,,,,,,,,,,,,,,,,,,,,,,,"{""shot"":""mediumCU"",""slot"":""a"",""sourceRole"":""main"",""decisionSource"":""auto"",""targetIdentity"":""contestant-a-6171d5a7""}"
2026-08-30T12:27:47.501532+00:00,2026-08-30T12:27:47.046+00:00,shot_publish_success,,a,show-dwlffblh,,,,,,,,,,,,,,,,,,,,,,,,,,,,,,,,,,"{""shot"":""mediumCU"",""slot"":""a"",""commandId"":""60e78f46-4b3b-4c2e-8051-6ae35b18a295"",""decisionSource"":""auto"",""connectionState"":""connected""}"
2026-08-30T12:27:48.516133+00:00,2026-08-30T12:27:47.67+00:00,pub_stats,,a,show-dwlffblh,3066197,6686776,3000000,60,60,0,30,30,40.67,none,f,f+h+q,3,1080,1920,1080,1920,"SimulcastEncoderAdapter (libvpx, libvpx, libvpx)",3,0,2,0,0,0.000722,0.024,0,,,,,,,live:a,"{""qualityLimitationDurations"":{""cpu"":0,""none"":95.638,""other"":0,""bandwidth"":6.915}}"
2026-08-30T12:27:49.527715+00:00,2026-08-30T12:27:48.67+00:00,track_liveness_snapshot,,a,show-dwlffblh,,,,,,,,,,,,,,,,,,,,,,,,,,,,,,,,,,"{""entries"":[{""key"":""camfeed-a-wide-b15af972:TR_VC5Z9mEoZEuMzf"",""frames"":2681,""reason"":null,""staleSec"":1,""probation"":false},{""key"":""contestant-a-6171d5a7:TR_VCHFzHmQiGnt96"",""frames"":null,""reason"":null,""staleSec"":103,""probation"":false}],""trackCount"":2,""ineligibleCount"":0}"
2026-08-30T12:27:49.527715+00:00,2026-08-30T12:27:48.694+00:00,mic_level_sample,,a,show-dwlffblh,,,,,,,,,,,,,,,,,,,,,,,,,,,,,,,,,,"{""deviceId"":""a58e21953fa187ebbfa035f4c18fb6d2d3f12f0c3a35994d56f0781fea8405af"",""inputRms"":0.05998018657182798,""outputRms"":0.14014364178342956,""deviceLabel"":""MacBook Air Microphone (Built-in)"",""audioContextState"":""running""}"
2026-08-30T12:27:50.536838+00:00,2026-08-30T12:27:49.671+00:00,pub_stats,,a,show-dwlffblh,3004086,6686776,2991642,60,60,0,30,30,39.85,none,f,f+h+q,3,1080,1920,1080,1920,"SimulcastEncoderAdapter (libvpx, libvpx, libvpx)",3,0,2,0,0,0.000766,0.024,0,,,,,,,live:a,"{""qualityLimitationDurations"":{""cpu"":0,""none"":97.638,""other"":0,""bandwidth"":6.915}}"
2026-08-30T12:27:52.518579+00:00,2026-08-30T12:27:51.672+00:00,pub_stats,,a,show-dwlffblh,2943800,6686776,3000000,60,60,0,30,30,37.28,none,f,f+h+q,3,1080,1920,1080,1920,"SimulcastEncoderAdapter (libvpx, libvpx, libvpx)",3,0,2,0,0,0.0006659999999999999,0.024,0,,,,,,,live:a,"{""qualityLimitationDurations"":{""cpu"":0,""none"":99.639,""other"":0,""bandwidth"":6.915}}"
2026-08-30T12:27:54.492473+00:00,2026-08-30T12:27:53.671+00:00,track_liveness_snapshot,,a,show-dwlffblh,,,,,,,,,,,,,,,,,,,,,,,,,,,,,,,,,,"{""entries"":[{""key"":""camfeed-a-wide-b15af972:TR_VC5Z9mEoZEuMzf"",""frames"":2815,""reason"":null,""staleSec"":1,""probation"":false},{""key"":""contestant-a-6171d5a7:TR_VCHFzHmQiGnt96"",""frames"":null,""reason"":null,""staleSec"":108,""probation"":false}],""trackCount"":2,""ineligibleCount"":0}"
2026-08-30T12:27:54.492473+00:00,2026-08-30T12:27:53.671+00:00,pub_stats,,a,show-dwlffblh,3050081,6686776,2965278,60,60,0,30,29,36.18,none,f,f+h+q,3,1080,1920,1080,1920,"SimulcastEncoderAdapter (libvpx, libvpx, libvpx)",4,0,2,0,0,0.000677,0.024,0,,,,,,,live:a,"{""qualityLimitationDurations"":{""cpu"":0,""none"":101.639,""other"":0,""bandwidth"":6.915}}"
2026-08-30T12:27:54.492473+00:00,2026-08-30T12:27:53.673+00:00,director_heartbeat,,a,show-dwlffblh,,,,,,,,,,,,,,,,,,,,,,,,,,,,,,,,,,"{""state"":""running""}"
2026-08-30T12:27:54.492473+00:00,2026-08-30T12:27:53.694+00:00,mic_level_sample,,a,show-dwlffblh,,,,,,,,,,,,,,,,,,,,,,,,,,,,,,,,,,"{""deviceId"":""a58e21953fa187ebbfa035f4c18fb6d2d3f12f0c3a35994d56f0781fea8405af"",""inputRms"":0.08050916710841648,""outputRms"":0.11474405430968654,""deviceLabel"":""MacBook Air Microphone (Built-in)"",""audioContextState"":""running""}"
2026-08-30T12:27:56.506872+00:00,2026-08-30T12:27:55.672+00:00,pub_stats,,a,show-dwlffblh,2992884,6686776,2974565,60,60,0,30,29,34.08,none,f,f+h+q,3,1080,1920,1080,1920,"SimulcastEncoderAdapter (libvpx, libvpx, libvpx)",4,0,2,0,0,0.000877,0.024,0,,,,,,,live:a,"{""qualityLimitationDurations"":{""cpu"":0,""none"":103.64,""other"":0,""bandwidth"":6.915}}"
2026-08-30T12:27:58.496331+00:00,2026-08-30T12:27:57.672+00:00,pub_stats,,a,show-dwlffblh,2954732,6686776,2967142,60,60,0,30,29,32.15,none,f,f+h+q,3,1080,1920,1080,1920,"SimulcastEncoderAdapter (libvpx, libvpx, libvpx)",4,0,2,0,0,0.0006659999999999999,0.024,0,,,,,,,live:a,"{""qualityLimitationDurations"":{""cpu"":0,""none"":105.639,""other"":0,""bandwidth"":6.915}}"
2026-08-30T12:27:59.498706+00:00,2026-08-30T12:27:58.671+00:00,track_liveness_snapshot,,a,show-dwlffblh,,,,,,,,,,,,,,,,,,,,,,,,,,,,,,,,,,"{""entries"":[{""key"":""camfeed-a-wide-b15af972:TR_VC5Z9mEoZEuMzf"",""frames"":2950,""reason"":null,""staleSec"":1,""probation"":false},{""key"":""contestant-a-6171d5a7:TR_VCHFzHmQiGnt96"",""frames"":null,""reason"":null,""staleSec"":113,""probation"":false}],""trackCount"":2,""ineligibleCount"":0}"
2026-08-30T12:27:59.498706+00:00,2026-08-30T12:27:58.694+00:00,mic_level_sample,,a,show-dwlffblh,,,,,,,,,,,,,,,,,,,,,,,,,,,,,,,,,,"{""deviceId"":""a58e21953fa187ebbfa035f4c18fb6d2d3f12f0c3a35994d56f0781fea8405af"",""inputRms"":0.07807048998225145,""outputRms"":0.19566926419021727,""deviceLabel"":""MacBook Air Microphone (Built-in)"",""audioContextState"":""running""}"
2026-08-30T12:28:00.528223+00:00,2026-08-30T12:27:59.671+00:00,pub_stats,,a,show-dwlffblh,3002389,6686776,2994558,60,60,0,30,29,30.3,none,f,f+h+q,3,1080,1920,1080,1920,"SimulcastEncoderAdapter (libvpx, libvpx, libvpx)",4,0,2,0,0,0.000566,0.024,0,,,,,,,live:a,"{""qualityLimitationDurations"":{""cpu"":0,""none"":107.639,""other"":0,""bandwidth"":6.915}}"
2026-08-30T12:28:00.528223+00:00,2026-08-30T12:28:00.054+00:00,director_shot_emitted,,a,show-dwlffblh,,,,,,,,,,,,,,,,,,,,,,,,,,,,,,,,,,"{""shot"":""zoomIn"",""slot"":""a"",""sourceRole"":""wide"",""decisionSource"":""auto"",""targetIdentity"":""camfeed-a-wide-b15af972""}"
2026-08-30T12:28:00.528223+00:00,2026-08-30T12:28:00.054+00:00,shot_publish_success,,a,show-dwlffblh,,,,,,,,,,,,,,,,,,,,,,,,,,,,,,,,,,"{""shot"":""zoomIn"",""slot"":""a"",""commandId"":""3d465c70-6ec6-4174-bdbe-0eacbaf1c420"",""decisionSource"":""auto"",""connectionState"":""connected""}"
2026-08-30T12:28:02.584226+00:00,2026-08-30T12:28:01.672+00:00,pub_stats,,a,show-dwlffblh,2964362,6686776,2998307,60,60,0,30,29,28.08,none,f,f+h+q,3,1080,1920,1080,1920,"SimulcastEncoderAdapter (libvpx, libvpx, libvpx)",4,0,2,0,0,0.0005549999999999999,0.024,0,,,,,,,live:a,"{""qualityLimitationDurations"":{""cpu"":0,""none"":109.64,""other"":0,""bandwidth"":6.915}}"
2026-08-30T12:28:04.507826+00:00,2026-08-30T12:28:03.67+00:00,pub_stats,,a,show-dwlffblh,3079367,6686776,2965330,60,60,0,30,29,26.57,none,f,f+h+q,3,1080,1920,1080,1920,"SimulcastEncoderAdapter (libvpx, libvpx, libvpx)",4,0,2,0,0,0.000511,0.025,0,,,,,,,live:a,"{""qualityLimitationDurations"":{""cpu"":0,""none"":111.638,""other"":0,""bandwidth"":6.915}}"
2026-08-30T12:28:04.507826+00:00,2026-08-30T12:28:03.673+00:00,director_heartbeat,,a,show-dwlffblh,,,,,,,,,,,,,,,,,,,,,,,,,,,,,,,,,,"{""state"":""running""}"
2026-08-30T12:28:04.507826+00:00,2026-08-30T12:28:03.695+00:00,mic_level_sample,,a,show-dwlffblh,,,,,,,,,,,,,,,,,,,,,,,,,,,,,,,,,,"{""deviceId"":""a58e21953fa187ebbfa035f4c18fb6d2d3f12f0c3a35994d56f0781fea8405af"",""inputRms"":0.03297240999580063,""outputRms"":0.0957722150120937,""deviceLabel"":""MacBook Air Microphone (Built-in)"",""audioContextState"":""running""}"
2026-08-30T12:28:04.507826+00:00,2026-08-30T12:28:04.171+00:00,track_liveness_snapshot,,a,show-dwlffblh,,,,,,,,,,,,,,,,,,,,,,,,,,,,,,,,,,"{""entries"":[{""key"":""camfeed-a-wide-b15af972:TR_VC5Z9mEoZEuMzf"",""frames"":3130,""reason"":null,""staleSec"":1,""probation"":false},{""key"":""contestant-a-6171d5a7:TR_VCHFzHmQiGnt96"",""frames"":null,""reason"":null,""staleSec"":119,""probation"":false}],""trackCount"":2,""ineligibleCount"":0}"
2026-08-30T12:28:06.502301+00:00,2026-08-30T12:28:05.671+00:00,pub_stats,,a,show-dwlffblh,2900514,6686776,3000000,60,60,0,30,29,27.63,none,f,f+h+q,3,1080,1920,1080,1920,"SimulcastEncoderAdapter (libvpx, libvpx, libvpx)",4,0,2,0,0,0.000611,0.025,0,,,,,,,live:a,"{""qualityLimitationDurations"":{""cpu"":0,""none"":113.639,""other"":0,""bandwidth"":6.915}}"
2026-08-30T12:28:08.503131+00:00,2026-08-30T12:28:07.67+00:00,pub_stats,,a,show-dwlffblh,3120432,6723705,2956143,60,60,0,30,30,26.05,none,f,f+h+q,3,1080,1920,1080,1920,"SimulcastEncoderAdapter (libvpx, libvpx, libvpx)",4,0,2,0,0,0.000655,0.025,0,,,,,,,live:a,"{""qualityLimitationDurations"":{""cpu"":0,""none"":115.638,""other"":0,""bandwidth"":6.915}}"
2026-08-30T12:28:09.509187+00:00,2026-08-30T12:28:08.695+00:00,mic_level_sample,,a,show-dwlffblh,,,,,,,,,,,,,,,,,,,,,,,,,,,,,,,,,,"{""deviceId"":""a58e21953fa187ebbfa035f4c18fb6d2d3f12f0c3a35994d56f0781fea8405af"",""inputRms"":0.04096173315281927,""outputRms"":0.10703260280413579,""deviceLabel"":""MacBook Air Microphone (Built-in)"",""audioContextState"":""running""}"
2026-08-30T12:28:10.498818+00:00,2026-08-30T12:28:09.671+00:00,track_liveness_snapshot,,a,show-dwlffblh,,,,,,,,,,,,,,,,,,,,,,,,,,,,,,,,,,"{""entries"":[{""key"":""camfeed-a-wide-b15af972:TR_VC5Z9mEoZEuMzf"",""frames"":3273,""reason"":null,""staleSec"":1,""probation"":false},{""key"":""contestant-a-6171d5a7:TR_VCHFzHmQiGnt96"",""frames"":null,""reason"":null,""staleSec"":124,""probation"":false}],""trackCount"":2,""ineligibleCount"":0}"
2026-08-30T12:28:10.498818+00:00,2026-08-30T12:28:09.671+00:00,pub_stats,,a,show-dwlffblh,2830897,6723705,3000000,60,60,0,30,30,29.88,none,f,f+h+q,3,1080,1920,1080,1920,"SimulcastEncoderAdapter (libvpx, libvpx, libvpx)",4,0,2,0,0,0.001011,0.023,0,,,,,,,live:a,"{""qualityLimitationDurations"":{""cpu"":0,""none"":117.639,""other"":0,""bandwidth"":6.915}}"
2026-08-30T12:28:12.491963+00:00,2026-08-30T12:28:11.671+00:00,pub_stats,,a,show-dwlffblh,3061348,6723705,3000000,60,60,0,30,30,26.27,none,f,f+h+q,3,1080,1920,1080,1920,"SimulcastEncoderAdapter (libvpx, libvpx, libvpx)",4,0,2,0,0,0.0008659999999999999,0.023,0,,,,,,,live:a,"{""qualityLimitationDurations"":{""cpu"":0,""none"":119.639,""other"":0,""bandwidth"":6.915}}"
2026-08-30T12:28:14.500581+00:00,2026-08-30T12:28:13.671+00:00,pub_stats,,a,show-dwlffblh,3019988,6723705,2963595,60,60,0,30,30,28.42,none,f,f+h+q,3,1080,1920,1080,1920,"SimulcastEncoderAdapter (libvpx, libvpx, libvpx)",4,0,2,0,0,0.000588,0.023,0,,,,,,,live:a,"{""qualityLimitationDurations"":{""cpu"":0,""none"":121.639,""other"":0,""bandwidth"":6.915}}"
2026-08-30T12:28:14.500581+00:00,2026-08-30T12:28:13.673+00:00,director_heartbeat,,a,show-dwlffblh,,,,,,,,,,,,,,,,,,,,,,,,,,,,,,,,,,"{""state"":""running""}"
2026-08-30T12:28:14.500581+00:00,2026-08-30T12:28:13.695+00:00,mic_level_sample,,a,show-dwlffblh,,,,,,,,,,,,,,,,,,,,,,,,,,,,,,,,,,"{""deviceId"":""a58e21953fa187ebbfa035f4c18fb6d2d3f12f0c3a35994d56f0781fea8405af"",""inputRms"":0.06112604880455203,""outputRms"":0.31440143372109813,""deviceLabel"":""MacBook Air Microphone (Built-in)"",""audioContextState"":""running""}"
2026-08-30T12:28:15.497363+00:00,2026-08-30T12:28:14.671+00:00,track_liveness_snapshot,,a,show-dwlffblh,,,,,,,,,,,,,,,,,,,,,,,,,,,,,,,,,,"{""entries"":[{""key"":""camfeed-a-wide-b15af972:TR_VC5Z9mEoZEuMzf"",""frames"":3422,""reason"":null,""staleSec"":1,""probation"":false},{""key"":""contestant-a-6171d5a7:TR_VCHFzHmQiGnt96"",""frames"":null,""reason"":null,""staleSec"":129,""probation"":false}],""trackCount"":2,""ineligibleCount"":0}"
2026-08-30T12:28:16.501979+00:00,2026-08-30T12:28:15.672+00:00,pub_stats,,a,show-dwlffblh,3047744,6723705,2932052,60,60,0,30,30,33.5,none,f,f+h+q,3,1080,1920,1080,1920,"SimulcastEncoderAdapter (libvpx, libvpx, libvpx)",4,0,2,0,0,0.0006879999999999999,0.024,0,,,,,,,live:a,"{""qualityLimitationDurations"":{""cpu"":0,""none"":123.64,""other"":0,""bandwidth"":6.915}}"
2026-08-30T12:28:17.494123+00:00,2026-08-30T12:28:16.899+00:00,director_shot_emitted,,a,show-dwlffblh,,,,,,,,,,,,,,,,,,,,,,,,,,,,,,,,,,"{""shot"":""mediumCU"",""slot"":""a"",""sourceRole"":""main"",""decisionSource"":""auto"",""targetIdentity"":""contestant-a-6171d5a7""}"
2026-08-30T12:28:17.494123+00:00,2026-08-30T12:28:16.899+00:00,shot_publish_success,,a,show-dwlffblh,,,,,,,,,,,,,,,,,,,,,,,,,,,,,,,,,,"{""shot"":""mediumCU"",""slot"":""a"",""commandId"":""d303fc25-848f-4372-a17c-c990d0c08f8d"",""decisionSource"":""auto"",""connectionState"":""connected""}"
2026-08-30T12:28:18.496122+00:00,2026-08-30T12:28:17.671+00:00,pub_stats,,a,show-dwlffblh,2809093,6723705,3000000,60,60,0,30,30,39.27,none,f,f+h+q,3,1080,1920,1080,1920,"SimulcastEncoderAdapter (libvpx, libvpx, libvpx)",4,0,2,0,0,0.000544,0.026,0,,,,,,,live:a,"{""qualityLimitationDurations"":{""cpu"":0,""none"":125.639,""other"":0,""bandwidth"":6.915}}"
2026-08-30T12:28:19.555806+00:00,2026-08-30T12:28:18.695+00:00,mic_level_sample,,a,show-dwlffblh,,,,,,,,,,,,,,,,,,,,,,,,,,,,,,,,,,"{""deviceId"":""a58e21953fa187ebbfa035f4c18fb6d2d3f12f0c3a35994d56f0781fea8405af"",""inputRms"":0.019349068377533776,""outputRms"":0.12620815653157708,""deviceLabel"":""MacBook Air Microphone (Built-in)"",""audioContextState"":""running""}"
2026-08-30T12:28:20.495528+00:00,2026-08-30T12:28:19.67+00:00,pub_stats,,a,show-dwlffblh,3091070,6723705,3000000,60,60,0,30,30,27.98,none,f,f+h+q,3,1080,1920,1080,1920,"SimulcastEncoderAdapter (libvpx, libvpx, libvpx)",4,0,2,0,0,0.000611,0.024,0,,,,,,,live:a,"{""qualityLimitationDurations"":{""cpu"":0,""none"":127.638,""other"":0,""bandwidth"":6.915}}"
2026-08-30T12:28:20.495528+00:00,2026-08-30T12:28:20.17+00:00,track_liveness_snapshot,,a,show-dwlffblh,,,,,,,,,,,,,,,,,,,,,,,,,,,,,,,,,,"{""entries"":[{""key"":""camfeed-a-wide-b15af972:TR_VC5Z9mEoZEuMzf"",""frames"":3601,""reason"":null,""staleSec"":1,""probation"":false},{""key"":""contestant-a-6171d5a7:TR_VCHFzHmQiGnt96"",""frames"":null,""reason"":null,""staleSec"":135,""probation"":false}],""trackCount"":2,""ineligibleCount"":0}"
2026-08-30T12:28:22.499192+00:00,2026-08-30T12:28:21.671+00:00,pub_stats,,a,show-dwlffblh,2951308,6723705,2988042,60,60,0,30,30,27.1,none,f,f+h+q,3,1080,1920,1080,1920,"SimulcastEncoderAdapter (libvpx, libvpx, libvpx)",4,0,2,0,0,0.0006219999999999999,0.024,0,,,,,,,live:a,"{""qualityLimitationDurations"":{""cpu"":0,""none"":129.639,""other"":0,""bandwidth"":6.915}}"
2026-08-30T12:28:24.667394+00:00,2026-08-30T12:28:23.671+00:00,pub_stats,,a,show-dwlffblh,3031236,6723705,2945675,60,60,0,30,30,24.7,none,f,f+h+q,3,1080,1920,1080,1920,"SimulcastEncoderAdapter (libvpx, libvpx, libvpx)",4,0,2,0,0,0.000566,0.025,0,,,,,,,live:a,"{""qualityLimitationDurations"":{""cpu"":0,""none"":131.639,""other"":0,""bandwidth"":6.915}}"
2026-08-30T12:28:24.667394+00:00,2026-08-30T12:28:23.673+00:00,director_heartbeat,,a,show-dwlffblh,,,,,,,,,,,,,,,,,,,,,,,,,,,,,,,,,,"{""state"":""running""}"
2026-08-30T12:28:24.667394+00:00,2026-08-30T12:28:23.695+00:00,mic_level_sample,,a,show-dwlffblh,,,,,,,,,,,,,,,,,,,,,,,,,,,,,,,,,,"{""deviceId"":""a58e21953fa187ebbfa035f4c18fb6d2d3f12f0c3a35994d56f0781fea8405af"",""inputRms"":0.04137581571975979,""outputRms"":0.0663680740167752,""deviceLabel"":""MacBook Air Microphone (Built-in)"",""audioContextState"":""running""}"
2026-08-30T12:28:25.504759+00:00,2026-08-30T12:28:25.171+00:00,track_liveness_snapshot,,a,show-dwlffblh,,,,,,,,,,,,,,,,,,,,,,,,,,,,,,,,,,"{""entries"":[{""key"":""camfeed-a-wide-b15af972:TR_VC5Z9mEoZEuMzf"",""frames"":3751,""reason"":null,""staleSec"":1,""probation"":false},{""key"":""contestant-a-6171d5a7:TR_VCHFzHmQiGnt96"",""frames"":null,""reason"":null,""staleSec"":140,""probation"":false}],""trackCount"":2,""ineligibleCount"":0}"
2026-08-30T12:28:26.538538+00:00,2026-08-30T12:28:25.671+00:00,pub_stats,,a,show-dwlffblh,2902192,6723705,3000000,60,60,0,31,30,24.42,none,f,f+h+q,3,1080,1920,1080,1920,"SimulcastEncoderAdapter (libvpx, libvpx, libvpx)",4,0,2,0,0,0.000588,0.024,0,,,,,,,live:a,"{""qualityLimitationDurations"":{""cpu"":0,""none"":133.639,""other"":0,""bandwidth"":6.915}}"
2026-08-30T12:28:28.495102+00:00,2026-08-30T12:28:27.671+00:00,pub_stats,,a,show-dwlffblh,2903460,6723705,3000000,60,60,0,31,30,19.45,none,f,f+h+q,3,1080,1920,1080,1920,"SimulcastEncoderAdapter (libvpx, libvpx, libvpx)",4,0,2,0,0,0.0005549999999999999,0.024,0,,,,,,,live:a,"{""qualityLimitationDurations"":{""cpu"":0,""none"":135.639,""other"":0,""bandwidth"":6.915}}"
2026-08-30T12:28:29.499469+00:00,2026-08-30T12:28:28.695+00:00,mic_level_sample,,a,show-dwlffblh,,,,,,,,,,,,,,,,,,,,,,,,,,,,,,,,,,"{""deviceId"":""a58e21953fa187ebbfa035f4c18fb6d2d3f12f0c3a35994d56f0781fea8405af"",""inputRms"":0.01603727142477916,""outputRms"":0.01603727142477916,""deviceLabel"":""MacBook Air Microphone (Built-in)"",""audioContextState"":""running""}"
2026-08-30T12:28:29.499469+00:00,2026-08-30T12:28:28.888+00:00,director_shot_emitted,,a,show-dwlffblh,,,,,,,,,,,,,,,,,,,,,,,,,,,,,,,,,,"{""shot"":""wide"",""slot"":""a"",""sourceRole"":""wide"",""decisionSource"":""auto"",""targetIdentity"":""camfeed-a-wide-b15af972""}"
2026-08-30T12:28:29.499469+00:00,2026-08-30T12:28:28.888+00:00,shot_publish_success,,a,show-dwlffblh,,,,,,,,,,,,,,,,,,,,,,,,,,,,,,,,,,"{""shot"":""wide"",""slot"":""a"",""commandId"":""1fb1dbca-95e9-4ca7-a1ae-2f651cec864c"",""decisionSource"":""auto"",""connectionState"":""connected""}"
2026-08-30T12:28:30.498379+00:00,2026-08-30T12:28:29.671+00:00,pub_stats,,a,show-dwlffblh,3167996,6723705,2900648,60,60,0,31,30,22.07,none,f,f+h+q,3,1080,1920,1080,1920,"SimulcastEncoderAdapter (libvpx, libvpx, libvpx)",4,0,2,0,0,0.0008439999999999999,0.024,0,,,,,,,live:a,"{""qualityLimitationDurations"":{""cpu"":0,""none"":137.639,""other"":0,""bandwidth"":6.915}}"
2026-08-30T12:28:31.534488+00:00,2026-08-30T12:28:30.671+00:00,track_liveness_snapshot,,a,show-dwlffblh,,,,,,,,,,,,,,,,,,,,,,,,,,,,,,,,,,"{""entries"":[{""key"":""camfeed-a-wide-b15af972:TR_VC5Z9mEoZEuMzf"",""frames"":3901,""reason"":null,""staleSec"":1,""probation"":false},{""key"":""contestant-a-6171d5a7:TR_VCHFzHmQiGnt96"",""frames"":null,""reason"":null,""staleSec"":145,""probation"":false}],""trackCount"":2,""ineligibleCount"":0}"
2026-08-30T12:28:32.503286+00:00,2026-08-30T12:28:31.672+00:00,pub_stats,,a,show-dwlffblh,2934689,6723705,3000000,60,60,0,31,30,30.28,none,f,f+h+q,3,1080,1920,1080,1920,"SimulcastEncoderAdapter (libvpx, libvpx, libvpx)",4,0,2,0,0,0.0006659999999999999,0.024,0,,,,,,,live:a,"{""qualityLimitationDurations"":{""cpu"":0,""none"":139.64,""other"":0,""bandwidth"":6.915}}"
2026-08-30T12:28:34.948119+00:00,2026-08-30T12:28:33.671+00:00,pub_stats,,a,show-dwlffblh,2800604,6723705,3000000,59,59,0,30,30,24.54,none,f,f+h+q,3,1080,1920,1080,1920,"SimulcastEncoderAdapter (libvpx, libvpx, libvpx)",4,0,2,0,0,0.000788,0.024,0,,,,,,,live:a,"{""qualityLimitationDurations"":{""cpu"":0,""none"":141.639,""other"":0,""bandwidth"":6.915}}"
2026-08-30T12:28:34.948119+00:00,2026-08-30T12:28:33.673+00:00,director_heartbeat,,a,show-dwlffblh,,,,,,,,,,,,,,,,,,,,,,,,,,,,,,,,,,"{""state"":""running""}"
2026-08-30T12:28:34.948119+00:00,2026-08-30T12:28:33.695+00:00,mic_level_sample,,a,show-dwlffblh,,,,,,,,,,,,,,,,,,,,,,,,,,,,,,,,,,"{""deviceId"":""a58e21953fa187ebbfa035f4c18fb6d2d3f12f0c3a35994d56f0781fea8405af"",""inputRms"":0.0010786437593355894,""outputRms"":0.0010786437593355894,""deviceLabel"":""MacBook Air Microphone (Built-in)"",""audioContextState"":""running""}"
2026-08-30T12:28:36.517992+00:00,2026-08-30T12:28:35.671+00:00,pub_stats,,a,show-dwlffblh,2959400,6723705,3000000,60,60,0,30,30,16.57,none,f,f+h+q,3,1080,1920,1080,1920,"SimulcastEncoderAdapter (libvpx, libvpx, libvpx)",4,0,2,0,0,0.000633,0.023,0,,,,,,,live:a,"{""qualityLimitationDurations"":{""cpu"":0,""none"":143.639,""other"":0,""bandwidth"":6.915}}"
2026-08-30T12:28:36.517992+00:00,2026-08-30T12:28:36.17+00:00,track_liveness_snapshot,,a,show-dwlffblh,,,,,,,,,,,,,,,,,,,,,,,,,,,,,,,,,,"{""entries"":[{""key"":""camfeed-a-wide-b15af972:TR_VC5Z9mEoZEuMzf"",""frames"":4079,""reason"":null,""staleSec"":1,""probation"":false},{""key"":""contestant-a-6171d5a7:TR_VCHFzHmQiGnt96"",""frames"":null,""reason"":null,""staleSec"":151,""probation"":false}],""trackCount"":2,""ineligibleCount"":0}"
2026-08-30T12:28:38.662533+00:00,2026-08-30T12:28:37.671+00:00,pub_stats,,a,show-dwlffblh,3009820,6723705,2960260,60,60,0,30,30,18.33,none,f,f+h+q,3,1080,1920,1080,1920,"SimulcastEncoderAdapter (libvpx, libvpx, libvpx)",4,0,2,0,0,0.000722,0.023,0,,,,,,,live:a,"{""qualityLimitationDurations"":{""cpu"":0,""none"":145.639,""other"":0,""bandwidth"":6.915}}"
2026-08-30T12:28:39.490596+00:00,2026-08-30T12:28:38.696+00:00,mic_level_sample,,a,show-dwlffblh,,,,,,,,,,,,,,,,,,,,,,,,,,,,,,,,,,"{""deviceId"":""a58e21953fa187ebbfa035f4c18fb6d2d3f12f0c3a35994d56f0781fea8405af"",""inputRms"":0.0012043609550007586,""outputRms"":0.0012043609550007586,""deviceLabel"":""MacBook Air Microphone (Built-in)"",""audioContextState"":""running""}"
2026-08-30T12:28:40.504785+00:00,2026-08-30T12:28:39.67+00:00,pub_stats,,a,show-dwlffblh,3007300,6723705,3000000,60,60,0,30,30,16.5,none,f,f+h+q,3,1080,1920,1080,1920,"SimulcastEncoderAdapter (libvpx, libvpx, libvpx)",4,0,2,0,0,0.0005769999999999999,0.025,0,,,,,,,live:a,"{""qualityLimitationDurations"":{""cpu"":0,""none"":147.638,""other"":0,""bandwidth"":6.915}}"
2026-08-30T12:28:41.633013+00:00,2026-08-30T12:28:41.17+00:00,track_liveness_snapshot,,a,show-dwlffblh,,,,,,,,,,,,,,,,,,,,,,,,,,,,,,,,,,"{""entries"":[{""key"":""camfeed-a-wide-b15af972:TR_VC5Z9mEoZEuMzf"",""frames"":4229,""reason"":null,""staleSec"":1,""probation"":false},{""key"":""contestant-a-6171d5a7:TR_VCHFzHmQiGnt96"",""frames"":null,""reason"":null,""staleSec"":156,""probation"":false}],""trackCount"":2,""ineligibleCount"":0}"
2026-08-30T12:28:42.502536+00:00,2026-08-30T12:28:41.67+00:00,pub_stats,,a,show-dwlffblh,3207176,6746068,2855797,60,60,0,30,30,25.67,none,f,f+h+q,3,1080,1920,1080,1920,"SimulcastEncoderAdapter (libvpx, libvpx, libvpx)",4,0,2,0,0,0.0006659999999999999,0.024,0,,,,,,,live:a,"{""qualityLimitationDurations"":{""cpu"":0,""none"":149.638,""other"":0,""bandwidth"":6.915}}"
2026-08-30T12:28:42.502536+00:00,2026-08-30T12:28:41.721+00:00,director_shot_emitted,,a,show-dwlffblh,,,,,,,,,,,,,,,,,,,,,,,,,,,,,,,,,,"{""shot"":""mediumCU"",""slot"":""a"",""sourceRole"":""main"",""decisionSource"":""auto"",""targetIdentity"":""contestant-a-6171d5a7""}"
2026-08-30T12:28:42.502536+00:00,2026-08-30T12:28:41.721+00:00,shot_publish_success,,a,show-dwlffblh,,,,,,,,,,,,,,,,,,,,,,,,,,,,,,,,,,"{""shot"":""mediumCU"",""slot"":""a"",""commandId"":""30b202c9-e359-41f4-9454-d8880d5078ea"",""decisionSource"":""auto"",""connectionState"":""connected""}"
2026-08-30T12:28:44.500833+00:00,2026-08-30T12:28:43.67+00:00,pub_stats,,a,show-dwlffblh,2798960,6746068,3000000,60,60,0,30,30,33.43,none,f,f+h+q,3,1080,1920,1080,1920,"SimulcastEncoderAdapter (libvpx, libvpx, libvpx)",4,0,2,0,0,0.000944,0.026,0,,,,,,,live:a,"{""qualityLimitationDurations"":{""cpu"":0,""none"":151.638,""other"":0,""bandwidth"":6.915}}"
2026-08-30T12:28:44.500833+00:00,2026-08-30T12:28:43.672+00:00,director_heartbeat,,a,show-dwlffblh,,,,,,,,,,,,,,,,,,,,,,,,,,,,,,,,,,"{""state"":""running""}"
2026-08-30T12:28:44.500833+00:00,2026-08-30T12:28:43.695+00:00,mic_level_sample,,a,show-dwlffblh,,,,,,,,,,,,,,,,,,,,,,,,,,,,,,,,,,"{""deviceId"":""a58e21953fa187ebbfa035f4c18fb6d2d3f12f0c3a35994d56f0781fea8405af"",""inputRms"":0.001078424816857817,""outputRms"":0.001078424816857817,""deviceLabel"":""MacBook Air Microphone (Built-in)"",""audioContextState"":""running""}"
2026-08-30T12:28:46.506692+00:00,2026-08-30T12:28:45.671+00:00,pub_stats,,a,show-dwlffblh,3021625,6746068,3000000,60,60,0,30,30,31.78,none,f,f+h+q,3,1080,1920,1080,1920,"SimulcastEncoderAdapter (libvpx, libvpx, libvpx)",4,0,2,0,0,0.000944,0.026,0,,,,,,,live:a,"{""qualityLimitationDurations"":{""cpu"":0,""none"":153.639,""other"":0,""bandwidth"":6.915}}"
2026-08-30T12:28:46.506692+00:00,2026-08-30T12:28:46.17+00:00,track_liveness_snapshot,,a,show-dwlffblh,,,,,,,,,,,,,,,,,,,,,,,,,,,,,,,,,,"{""entries"":[{""key"":""camfeed-a-wide-b15af972:TR_VC5Z9mEoZEuMzf"",""frames"":4374,""reason"":null,""staleSec"":1,""probation"":false},{""key"":""contestant-a-6171d5a7:TR_VCHFzHmQiGnt96"",""frames"":null,""reason"":null,""staleSec"":161,""probation"":false}],""trackCount"":2,""ineligibleCount"":0}"
2026-08-30T12:28:48.519335+00:00,2026-08-30T12:28:47.671+00:00,pub_stats,,a,show-dwlffblh,2925404,6746068,3000000,60,60,0,30,29,31.08,none,f,f+h+q,3,1080,1920,1080,1920,"SimulcastEncoderAdapter (libvpx, libvpx, libvpx)",4,0,2,0,0,0.000655,0.023,0,,,,,,,live:a,"{""qualityLimitationDurations"":{""cpu"":0,""none"":155.639,""other"":0,""bandwidth"":6.915}}"
2026-08-30T12:28:49.499943+00:00,2026-08-30T12:28:48.696+00:00,mic_level_sample,,a,show-dwlffblh,,,,,,,,,,,,,,,,,,,,,,,,,,,,,,,,,,"{""deviceId"":""a58e21953fa187ebbfa035f4c18fb6d2d3f12f0c3a35994d56f0781fea8405af"",""inputRms"":0.0044089651949165845,""outputRms"":0.0044089651949165845,""deviceLabel"":""MacBook Air Microphone (Built-in)"",""audioContextState"":""running""}"
2026-08-30T12:28:50.580754+00:00,2026-08-30T12:28:49.671+00:00,pub_stats,,a,show-dwlffblh,3097896,6746068,2999743,60,60,0,30,29,20.28,none,f,f+h+q,3,1080,1920,1080,1920,"SimulcastEncoderAdapter (libvpx, libvpx, libvpx)",4,0,2,0,0,0.000677,0.025,0,,,,,,,live:a,"{""qualityLimitationDurations"":{""cpu"":0,""none"":157.639,""other"":0,""bandwidth"":6.915}}"
2026-08-30T12:28:51.502165+00:00,2026-08-30T12:28:51.17+00:00,track_liveness_snapshot,,a,show-dwlffblh,,,,,,,,,,,,,,,,,,,,,,,,,,,,,,,,,,"{""entries"":[{""key"":""camfeed-a-wide-b15af972:TR_VC5Z9mEoZEuMzf"",""frames"":4516,""reason"":null,""staleSec"":1,""probation"":false},{""key"":""contestant-a-6171d5a7:TR_VCHFzHmQiGnt96"",""frames"":null,""reason"":null,""staleSec"":166,""probation"":false}],""trackCount"":2,""ineligibleCount"":0}"
2026-08-30T12:28:52.763849+00:00,2026-08-30T12:28:51.671+00:00,pub_stats,,a,show-dwlffblh,2874252,6889108,2937780,60,60,0,30,29,27.65,none,f,f+h+q,3,1080,1920,1080,1920,"SimulcastEncoderAdapter (libvpx, libvpx, libvpx)",4,0,2,0,0,0.000655,0.025,0,,,,,,,live:a,"{""qualityLimitationDurations"":{""cpu"":0,""none"":159.639,""other"":0,""bandwidth"":6.915}}"
2026-08-30T12:28:53.500719+00:00,2026-08-30T12:28:52.545+00:00,director_shot_emitted,,a,show-dwlffblh,,,,,,,,,,,,,,,,,,,,,,,,,,,,,,,,,,"{""shot"":""wide"",""slot"":""a"",""sourceRole"":""wide"",""decisionSource"":""auto"",""targetIdentity"":""camfeed-a-wide-b15af972""}"
2026-08-30T12:28:53.500719+00:00,2026-08-30T12:28:52.545+00:00,shot_publish_success,,a,show-dwlffblh,,,,,,,,,,,,,,,,,,,,,,,,,,,,,,,,,,"{""shot"":""wide"",""slot"":""a"",""commandId"":""7d601af7-70dd-444d-98fe-10cbcb68a8b0"",""decisionSource"":""auto"",""connectionState"":""connected""}"
2026-08-30T12:28:54.495483+00:00,2026-08-30T12:28:53.67+00:00,pub_stats,,a,show-dwlffblh,3015404,6889108,3000000,60,60,0,30,29,26.48,none,f,f+h+q,3,1080,1920,1080,1920,"SimulcastEncoderAdapter (libvpx, libvpx, libvpx)",4,0,2,0,0,0.000722,0.025,0,,,,,,,live:a,"{""qualityLimitationDurations"":{""cpu"":0,""none"":161.638,""other"":0,""bandwidth"":6.915}}"
2026-08-30T12:28:54.495483+00:00,2026-08-30T12:28:53.673+00:00,director_heartbeat,,a,show-dwlffblh,,,,,,,,,,,,,,,,,,,,,,,,,,,,,,,,,,"{""state"":""running""}"
2026-08-30T12:28:54.495483+00:00,2026-08-30T12:28:53.694+00:00,mic_level_sample,,a,show-dwlffblh,,,,,,,,,,,,,,,,,,,,,,,,,,,,,,,,,,"{""deviceId"":""a58e21953fa187ebbfa035f4c18fb6d2d3f12f0c3a35994d56f0781fea8405af"",""inputRms"":0.0027125679424726775,""outputRms"":0.0027125679424726775,""deviceLabel"":""MacBook Air Microphone (Built-in)"",""audioContextState"":""running""}"
2026-08-30T12:28:57.041707+00:00,2026-08-30T12:28:55.672+00:00,pub_stats,,a,show-dwlffblh,3012288,6889108,3000000,60,60,0,30,29,27.27,none,f,f+h+q,3,1080,1920,1080,1920,"SimulcastEncoderAdapter (libvpx, libvpx, libvpx)",4,0,2,0,0,0.000988,0.025,0,,,,,,,live:a,"{""qualityLimitationDurations"":{""cpu"":0,""none"":163.64,""other"":0,""bandwidth"":6.915}}"
2026-08-30T12:28:57.041707+00:00,2026-08-30T12:28:56.913+00:00,track_liveness_snapshot,,a,show-dwlffblh,,,,,,,,,,,,,,,,,,,,,,,,,,,,,,,,,,"{""entries"":[{""key"":""camfeed-a-wide-b15af972:TR_VC5Z9mEoZEuMzf"",""frames"":4665,""reason"":null,""staleSec"":1,""probation"":false},{""key"":""contestant-a-6171d5a7:TR_VCHFzHmQiGnt96"",""frames"":null,""reason"":null,""staleSec"":172,""probation"":false}],""trackCount"":2,""ineligibleCount"":0}"
2026-08-30T12:28:59.046625+00:00,2026-08-30T12:28:57.915+00:00,pub_stats,,a,show-dwlffblh,2943932,6889108,3000000,67,67,0,30,30,28.9,none,f,f+h+q,3,1080,1920,1080,1920,"SimulcastEncoderAdapter (libvpx, libvpx, libvpx)",4,0,2,0,0,0.000977,0.025,0,,,,,,,live:a,"{""qualityLimitationDurations"":{""cpu"":0,""none"":165.881,""other"":0,""bandwidth"":6.915}}"
2026-08-30T12:29:00.038762+00:00,2026-08-30T12:28:58.917+00:00,mic_level_sample,,a,show-dwlffblh,,,,,,,,,,,,,,,,,,,,,,,,,,,,,,,,,,"{""deviceId"":""a58e21953fa187ebbfa035f4c18fb6d2d3f12f0c3a35994d56f0781fea8405af"",""inputRms"":0.002281917261752081,""outputRms"":0.002281917261752081,""deviceLabel"":""MacBook Air Microphone (Built-in)"",""audioContextState"":""running""}"
2026-08-30T12:29:01.047149+00:00,2026-08-30T12:28:59.915+00:00,pub_stats,,a,show-dwlffblh,3075544,6889108,3000000,60,60,0,30,30,31.2,none,f,f+h+q,3,1080,1920,1080,1920,"SimulcastEncoderAdapter (libvpx, libvpx, libvpx)",4,0,2,0,0,0.000677,0.023,0,,,,,,,live:a,"{""qualityLimitationDurations"":{""cpu"":0,""none"":167.882,""other"":0,""bandwidth"":6.915}}"
2026-08-30T12:29:02.043481+00:00,2026-08-30T12:29:01.913+00:00,track_liveness_snapshot,,a,show-dwlffblh,,,,,,,,,,,,,,,,,,,,,,,,,,,,,,,,,,"{""entries"":[{""key"":""camfeed-a-wide-b15af972:TR_VC5Z9mEoZEuMzf"",""frames"":4822,""reason"":null,""staleSec"":1,""probation"":false},{""key"":""contestant-a-6171d5a7:TR_VCHFzHmQiGnt96"",""frames"":null,""reason"":null,""staleSec"":177,""probation"":false}],""trackCount"":2,""ineligibleCount"":0}"
2026-08-30T12:29:03.059601+00:00,2026-08-30T12:29:01.916+00:00,pub_stats,,a,show-dwlffblh,2887096,6889108,2985072,60,60,0,30,29,39.82,none,f,f+h+q,3,1080,1920,1080,1920,"SimulcastEncoderAdapter (libvpx, libvpx, libvpx)",4,0,2,0,0,0.0010329999999999998,0.023,0,,,,,,,live:a,"{""qualityLimitationDurations"":{""cpu"":0,""none"":169.882,""other"":0,""bandwidth"":6.915}}"
2026-08-30T12:29:05.045152+00:00,2026-08-30T12:29:03.916+00:00,pub_stats,,a,show-dwlffblh,2919736,6889108,3000000,60,60,0,30,30,29.13,none,f,f+h+q,3,1080,1920,1080,1920,"SimulcastEncoderAdapter (libvpx, libvpx, libvpx)",4,0,2,0,0,0.0006,0.023,0,,,,,,,live:a,"{""qualityLimitationDurations"":{""cpu"":0,""none"":171.882,""other"":0,""bandwidth"":6.915}}"
2026-08-30T12:29:05.045152+00:00,2026-08-30T12:29:03.916+00:00,director_heartbeat,,a,show-dwlffblh,,,,,,,,,,,,,,,,,,,,,,,,,,,,,,,,,,"{""state"":""running""}"
2026-08-30T12:29:05.045152+00:00,2026-08-30T12:29:03.916+00:00,mic_level_sample,,a,show-dwlffblh,,,,,,,,,,,,,,,,,,,,,,,,,,,,,,,,,,"{""deviceId"":""a58e21953fa187ebbfa035f4c18fb6d2d3f12f0c3a35994d56f0781fea8405af"",""inputRms"":0.013709067814747178,""outputRms"":0.013709067814747178,""deviceLabel"":""MacBook Air Microphone (Built-in)"",""audioContextState"":""running""}"
2026-08-30T12:29:07.042104+00:00,2026-08-30T12:29:05.916+00:00,pub_stats,,a,show-dwlffblh,2909988,6889108,3000000,60,60,0,30,30,21.47,none,f,f+h+q,3,1080,1920,1080,1920,"SimulcastEncoderAdapter (libvpx, libvpx, libvpx)",4,0,2,0,0,0.0008219999999999999,0.024,0,,,,,,,live:a,"{""qualityLimitationDurations"":{""cpu"":0,""none"":173.882,""other"":0,""bandwidth"":6.915}}"
2026-08-30T12:29:07.042104+00:00,2026-08-30T12:29:06.913+00:00,track_liveness_snapshot,,a,show-dwlffblh,,,,,,,,,,,,,,,,,,,,,,,,,,,,,,,,,,"{""entries"":[{""key"":""camfeed-a-wide-b15af972:TR_VC5Z9mEoZEuMzf"",""frames"":4972,""reason"":null,""staleSec"":1,""probation"":false},{""key"":""contestant-a-6171d5a7:TR_VCHFzHmQiGnt96"",""frames"":null,""reason"":null,""staleSec"":182,""probation"":false}],""trackCount"":2,""ineligibleCount"":0}"
2026-08-30T12:29:08.043661+00:00,2026-08-30T12:29:07.913+00:00,director_shot_emitted,,a,show-dwlffblh,,,,,,,,,,,,,,,,,,,,,,,,,,,,,,,,,,"{""shot"":""mediumCU"",""slot"":""a"",""sourceRole"":""main"",""decisionSource"":""auto"",""targetIdentity"":""contestant-a-6171d5a7""}"
2026-08-30T12:29:08.043661+00:00,2026-08-30T12:29:07.913+00:00,shot_publish_success,,a,show-dwlffblh,,,,,,,,,,,,,,,,,,,,,,,,,,,,,,,,,,"{""shot"":""mediumCU"",""slot"":""a"",""commandId"":""b583fe25-88c6-40ac-b608-fd52eb2cdf99"",""decisionSource"":""auto"",""connectionState"":""connected""}"
2026-08-30T12:29:09.037628+00:00,2026-08-30T12:29:07.917+00:00,pub_stats,,a,show-dwlffblh,3274655,6889108,2948847,60,60,0,30,30,20.35,none,f,f+h+q,3,1080,1920,1080,1920,"SimulcastEncoderAdapter (libvpx, libvpx, libvpx)",4,0,2,0,0,0.000655,0.023,0,,,,,,,live:a,"{""qualityLimitationDurations"":{""cpu"":0,""none"":175.881,""other"":0,""bandwidth"":6.915}}"
2026-08-30T12:29:10.07727+00:00,2026-08-30T12:29:08.913+00:00,mic_level_sample,,a,show-dwlffblh,,,,,,,,,,,,,,,,,,,,,,,,,,,,,,,,,,"{""deviceId"":""a58e21953fa187ebbfa035f4c18fb6d2d3f12f0c3a35994d56f0781fea8405af"",""inputRms"":0.0025287991376021267,""outputRms"":0.0025287991376021267,""deviceLabel"":""MacBook Air Microphone (Built-in)"",""audioContextState"":""running""}"
2026-08-30T12:29:11.039264+00:00,2026-08-30T12:29:09.918+00:00,pub_stats,,a,show-dwlffblh,2959048,6889108,3000000,60,60,0,30,30,31.48,none,f,f+h+q,3,1080,1920,1080,1920,"SimulcastEncoderAdapter (libvpx, libvpx, libvpx)",4,0,2,0,0,0.0005329999999999999,0.024,0,,,,,,,live:a,"{""qualityLimitationDurations"":{""cpu"":0,""none"":177.882,""other"":0,""bandwidth"":6.915}}"
2026-08-30T12:29:12.044872+00:00,2026-08-30T12:29:11.914+00:00,track_liveness_snapshot,,a,show-dwlffblh,,,,,,,,,,,,,,,,,,,,,,,,,,,,,,,,,,"{""entries"":[{""key"":""camfeed-a-wide-b15af972:TR_VC5Z9mEoZEuMzf"",""frames"":5122,""reason"":null,""staleSec"":1,""probation"":false},{""key"":""contestant-a-6171d5a7:TR_VCHFzHmQiGnt96"",""frames"":null,""reason"":null,""staleSec"":187,""probation"":false}],""trackCount"":2,""ineligibleCount"":0}"
2026-08-30T12:29:13.04263+00:00,2026-08-30T12:29:11.916+00:00,pub_stats,,a,show-dwlffblh,2856088,6889108,3000000,60,60,0,30,30,38.58,none,f,f+h+q,3,1080,1920,1080,1920,"SimulcastEncoderAdapter (libvpx, libvpx, libvpx)",4,0,2,0,0,0.000655,0.024,0,,,,,,,live:a,"{""qualityLimitationDurations"":{""cpu"":0,""none"":179.882,""other"":0,""bandwidth"":6.915}}"
2026-08-30T12:29:15.047593+00:00,2026-08-30T12:29:13.913+00:00,director_heartbeat,,a,show-dwlffblh,,,,,,,,,,,,,,,,,,,,,,,,,,,,,,,,,,"{""state"":""running""}"
2026-08-30T12:29:15.047593+00:00,2026-08-30T12:29:13.916+00:00,pub_stats,,a,show-dwlffblh,3048668,6889108,2984825,60,60,0,30,30,34.93,none,f,f+h+q,3,1080,1920,1080,1920,"SimulcastEncoderAdapter (libvpx, libvpx, libvpx)",4,0,2,0,0,0.000922,0.024,0,,,,,,,live:a,"{""qualityLimitationDurations"":{""cpu"":0,""none"":181.882,""other"":0,""bandwidth"":6.915}}"
2026-08-30T12:29:15.047593+00:00,2026-08-30T12:29:13.916+00:00,mic_level_sample,,a,show-dwlffblh,,,,,,,,,,,,,,,,,,,,,,,,,,,,,,,,,,"{""deviceId"":""a58e21953fa187ebbfa035f4c18fb6d2d3f12f0c3a35994d56f0781fea8405af"",""inputRms"":0.020614309831034298,""outputRms"":0.020614309831034298,""deviceLabel"":""MacBook Air Microphone (Built-in)"",""audioContextState"":""running""}"
2026-08-30T12:29:17.085217+00:00,2026-08-30T12:29:15.916+00:00,pub_stats,,a,show-dwlffblh,2866692,6889108,2969385,60,60,0,30,30,42.78,none,f,f+h+q,3,1080,1920,1080,1920,"SimulcastEncoderAdapter (libvpx, libvpx, libvpx)",4,0,2,0,0,0.000833,0.023,0,,,,,,,live:a,"{""qualityLimitationDurations"":{""cpu"":0,""none"":183.882,""other"":0,""bandwidth"":6.915}}"
2026-08-30T12:29:18.069426+00:00,2026-08-30T12:29:17.915+00:00,track_liveness_snapshot,,a,show-dwlffblh,,,,,,,,,,,,,,,,,,,,,,,,,,,,,,,,,,"{""entries"":[{""key"":""camfeed-a-wide-b15af972:TR_VC5Z9mEoZEuMzf"",""frames"":5302,""reason"":null,""staleSec"":1,""probation"":false},{""key"":""contestant-a-6171d5a7:TR_VCHFzHmQiGnt96"",""frames"":null,""reason"":null,""staleSec"":193,""probation"":false}],""trackCount"":2,""ineligibleCount"":0}"
2026-08-30T12:29:19.146446+00:00,2026-08-30T12:29:17.917+00:00,pub_stats,,a,show-dwlffblh,2878425,6889108,3000000,60,60,0,30,30,23.1,none,f,f+h+q,3,1080,1920,1080,1920,"SimulcastEncoderAdapter (libvpx, libvpx, libvpx)",4,0,2,0,0,0.000511,0.024,0,,,,,,,live:a,"{""qualityLimitationDurations"":{""cpu"":0,""none"":185.883,""other"":0,""bandwidth"":6.915}}"
2026-08-30T12:29:20.058817+00:00,2026-08-30T12:29:18.913+00:00,mic_level_sample,,a,show-dwlffblh,,,,,,,,,,,,,,,,,,,,,,,,,,,,,,,,,,"{""deviceId"":""a58e21953fa187ebbfa035f4c18fb6d2d3f12f0c3a35994d56f0781fea8405af"",""inputRms"":0.012962430987660202,""outputRms"":0.012962430987660202,""deviceLabel"":""MacBook Air Microphone (Built-in)"",""audioContextState"":""running""}"
2026-08-30T12:29:21.04357+00:00,2026-08-30T12:29:19.914+00:00,director_shot_emitted,,a,show-dwlffblh,,,,,,,,,,,,,,,,,,,,,,,,,,,,,,,,,,"{""shot"":""pan"",""slot"":""a"",""sourceRole"":""wide"",""decisionSource"":""auto"",""targetIdentity"":""camfeed-a-wide-b15af972""}"
2026-08-30T12:29:21.04357+00:00,2026-08-30T12:29:19.915+00:00,shot_publish_success,,a,show-dwlffblh,,,,,,,,,,,,,,,,,,,,,,,,,,,,,,,,,,"{""shot"":""pan"",""slot"":""a"",""commandId"":""d8ed7887-39ba-4308-ae5b-2876e7af54f3"",""decisionSource"":""auto"",""connectionState"":""connected""}"
2026-08-30T12:29:21.04357+00:00,2026-08-30T12:29:19.918+00:00,pub_stats,,a,show-dwlffblh,3261581,6997012,2774612,60,60,0,30,30,27.88,none,f,f+h+q,3,1080,1920,1080,1920,"SimulcastEncoderAdapter (libvpx, libvpx, libvpx)",4,0,2,0,0,0.000788,0.024,0,,,,,,,live:a,"{""qualityLimitationDurations"":{""cpu"":0,""none"":187.882,""other"":0,""bandwidth"":6.915}}"
2026-08-30T12:29:23.045034+00:00,2026-08-30T12:29:21.915+00:00,pub_stats,,a,show-dwlffblh,2793094,6997012,3000000,60,60,0,30,30,33.28,none,f,f+h+q,3,1080,1920,1080,1920,"SimulcastEncoderAdapter (libvpx, libvpx, libvpx)",4,0,2,0,0,0.000922,0.024,0,,,,,,,live:a,"{""qualityLimitationDurations"":{""cpu"":0,""none"":189.882,""other"":0,""bandwidth"":6.915}}"
2026-08-30T12:29:23.045034+00:00,2026-08-30T12:29:22.914+00:00,track_liveness_snapshot,,a,show-dwlffblh,,,,,,,,,,,,,,,,,,,,,,,,,,,,,,,,,,"{""entries"":[{""key"":""camfeed-a-wide-b15af972:TR_VC5Z9mEoZEuMzf"",""frames"":5451,""reason"":null,""staleSec"":1,""probation"":false},{""key"":""contestant-a-6171d5a7:TR_VCHFzHmQiGnt96"",""frames"":null,""reason"":null,""staleSec"":198,""probation"":false}],""trackCount"":2,""ineligibleCount"":0}"
2026-08-30T12:29:25.05166+00:00,2026-08-30T12:29:23.913+00:00,director_heartbeat,,a,show-dwlffblh,,,,,,,,,,,,,,,,,,,,,,,,,,,,,,,,,,"{""state"":""running""}"
2026-08-30T12:29:25.05166+00:00,2026-08-30T12:29:23.915+00:00,mic_level_sample,,a,show-dwlffblh,,,,,,,,,,,,,,,,,,,,,,,,,,,,,,,,,,"{""deviceId"":""a58e21953fa187ebbfa035f4c18fb6d2d3f12f0c3a35994d56f0781fea8405af"",""inputRms"":0.002561420133297097,""outputRms"":0.002561420133297097,""deviceLabel"":""MacBook Air Microphone (Built-in)"",""audioContextState"":""running""}"
2026-08-30T12:29:25.05166+00:00,2026-08-30T12:29:23.916+00:00,pub_stats,,a,show-dwlffblh,2888320,6997012,3000000,60,60,0,30,30,27.42,none,f,f+h+q,3,1080,1920,1080,1920,"SimulcastEncoderAdapter (libvpx, libvpx, libvpx)",4,0,2,0,0,0.000655,0.024,0,,,,,,,live:a,"{""qualityLimitationDurations"":{""cpu"":0,""none"":191.882,""other"":0,""bandwidth"":6.915}}"
2026-08-30T12:29:27.045042+00:00,2026-08-30T12:29:25.916+00:00,pub_stats,,a,show-dwlffblh,3130832,7242523,2953760,60,60,0,31,30,31.12,none,f,f+h+q,3,1080,1920,1080,1920,"SimulcastEncoderAdapter (libvpx, libvpx, libvpx)",4,0,2,0,0,0.001,0.023,0,,,,,,,live:a,"{""qualityLimitationDurations"":{""cpu"":0,""none"":193.882,""other"":0,""bandwidth"":6.915}}"
2026-08-30T12:29:28.04657+00:00,2026-08-30T12:29:27.914+00:00,track_liveness_snapshot,,a,show-dwlffblh,,,,,,,,,,,,,,,,,,,,,,,,,,,,,,,,,,"{""entries"":[{""key"":""camfeed-a-wide-b15af972:TR_VC5Z9mEoZEuMzf"",""frames"":5600,""reason"":null,""staleSec"":1,""probation"":false},{""key"":""contestant-a-6171d5a7:TR_VCHFzHmQiGnt96"",""frames"":null,""reason"":null,""staleSec"":203,""probation"":false}],""trackCount"":2,""ineligibleCount"":0}"
2026-08-30T12:29:29.047166+00:00,2026-08-30T12:29:27.917+00:00,director_shot_emitted,,a,show-dwlffblh,,,,,,,,,,,,,,,,,,,,,,,,,,,,,,,,,,"{""shot"":""mediumCU"",""slot"":""a"",""sourceRole"":""main"",""decisionSource"":""auto"",""targetIdentity"":""contestant-a-6171d5a7""}"
2026-08-30T12:29:29.047166+00:00,2026-08-30T12:29:27.917+00:00,shot_publish_success,,a,show-dwlffblh,,,,,,,,,,,,,,,,,,,,,,,,,,,,,,,,,,"{""shot"":""mediumCU"",""slot"":""a"",""commandId"":""2a644be0-6687-4aed-b093-edb1b0701b0b"",""decisionSource"":""auto"",""connectionState"":""connected""}"
2026-08-30T12:29:29.047166+00:00,2026-08-30T12:29:27.917+00:00,pub_stats,,a,show-dwlffblh,2934337,7242523,3000000,60,60,0,31,30,39.35,none,f,f+h+q,3,1080,1920,1080,1920,"SimulcastEncoderAdapter (libvpx, libvpx, libvpx)",4,0,2,0,0,0.000722,0.023,0,,,,,,,live:a,"{""qualityLimitationDurations"":{""cpu"":0,""none"":195.882,""other"":0,""bandwidth"":6.915}}"
2026-08-30T12:29:29.582279+00:00,2026-08-30T12:29:28.914+00:00,mic_level_sample,,a,show-dwlffblh,,,,,,,,,,,,,,,,,,,,,,,,,,,,,,,,,,"{""deviceId"":""a58e21953fa187ebbfa035f4c18fb6d2d3f12f0c3a35994d56f0781fea8405af"",""inputRms"":0.0018525618556613852,""outputRms"":0.0018525618556613852,""deviceLabel"":""MacBook Air Microphone (Built-in)"",""audioContextState"":""running""}"
2026-08-30T12:29:29.582279+00:00,2026-08-30T12:29:29.435+00:00,visibility_visible,,a,show-dwlffblh,,,,,,,,,,,,,,,,,,,,,,,,,,,,,,,,,,"{""audioContextState"":""running""}"
2026-08-30T12:29:29.582279+00:00,2026-08-30T12:29:29.436+00:00,window_focus,,a,show-dwlffblh,,,,,,,,,,,,,,,,,,,,,,,,,,,,,,,,,,
2026-08-30T12:29:30.552904+00:00,2026-08-30T12:29:29.442+00:00,wake_lock_acquired,,a,show-dwlffblh,,,,,,,,,,,,,,,,,,,,,,,,,,,,,,,,,live:a,
2026-08-30T12:29:30.552904+00:00,2026-08-30T12:29:29.671+00:00,pub_stats,,a,show-dwlffblh,2832588,7242523,3000000,52,52,0,30,30,37.02,none,f,f+h+q,3,1080,1920,1080,1920,"SimulcastEncoderAdapter (libvpx, libvpx, libvpx)",4,0,2,0,0,0.0006439999999999999,0.022,0,,,,,,,live:a,"{""qualityLimitationDurations"":{""cpu"":0,""none"":197.639,""other"":0,""bandwidth"":6.915}}"
2026-08-30T12:29:33.042723+00:00,2026-08-30T12:29:31.578+00:00,window_blur,,a,show-dwlffblh,,,,,,,,,,,,,,,,,,,,,,,,,,,,,,,,,,
2026-08-30T12:29:33.042723+00:00,2026-08-30T12:29:31.58+00:00,window_focus,,a,show-dwlffblh,,,,,,,,,,,,,,,,,,,,,,,,,,,,,,,,,,
2026-08-30T12:29:33.042723+00:00,2026-08-30T12:29:31.581+00:00,wake_lock_released_by_system,,a,show-dwlffblh,,,,,,,,,,,,,,,,,,,,,,,,,,,,,,,,,live:a,
2026-08-30T12:29:33.042723+00:00,2026-08-30T12:29:31.581+00:00,window_blur,,a,show-dwlffblh,,,,,,,,,,,,,,,,,,,,,,,,,,,,,,,,,,
2026-08-30T12:29:33.042723+00:00,2026-08-30T12:29:31.581+00:00,visibility_hidden,,a,show-dwlffblh,,,,,,,,,,,,,,,,,,,,,,,,,,,,,,,,,,"{""audioContextState"":""running""}"
2026-08-30T12:29:33.042723+00:00,2026-08-30T12:29:31.914+00:00,pub_stats,,a,show-dwlffblh,3093767,7242523,3000000,68,68,0,31,30,25.53,none,f,f+h+q,3,1080,1920,1080,1920,"SimulcastEncoderAdapter (libvpx, libvpx, libvpx)",4,0,2,0,0,0.000922,0.025,0,,,,,,,live:a,"{""qualityLimitationDurations"":{""cpu"":0,""none"":199.882,""other"":0,""bandwidth"":6.915}}"
2026-08-30T12:29:34.043508+00:00,2026-08-30T12:29:33.913+00:00,track_liveness_snapshot,,a,show-dwlffblh,,,,,,,,,,,,,,,,,,,,,,,,,,,,,,,,,,"{""entries"":[{""key"":""camfeed-a-wide-b15af972:TR_VC5Z9mEoZEuMzf"",""frames"":5780,""reason"":null,""staleSec"":1,""probation"":false},{""key"":""contestant-a-6171d5a7:TR_VCHFzHmQiGnt96"",""frames"":null,""reason"":null,""staleSec"":209,""probation"":false}],""trackCount"":2,""ineligibleCount"":0}"
2026-08-30T12:29:35.079957+00:00,2026-08-30T12:29:33.913+00:00,director_heartbeat,,a,show-dwlffblh,,,,,,,,,,,,,,,,,,,,,,,,,,,,,,,,,,"{""state"":""running""}"
2026-08-30T12:29:35.079957+00:00,2026-08-30T12:29:33.915+00:00,mic_level_sample,,a,show-dwlffblh,,,,,,,,,,,,,,,,,,,,,,,,,,,,,,,,,,"{""deviceId"":""a58e21953fa187ebbfa035f4c18fb6d2d3f12f0c3a35994d56f0781fea8405af"",""inputRms"":0.0007612371780244662,""outputRms"":0.0007612371780244662,""deviceLabel"":""MacBook Air Microphone (Built-in)"",""audioContextState"":""running""}"
2026-08-30T12:29:35.079957+00:00,2026-08-30T12:29:33.915+00:00,pub_stats,,a,show-dwlffblh,2952840,7242523,2930593,60,60,0,31,30,24.85,none,f,f+h+q,3,1080,1920,1080,1920,"SimulcastEncoderAdapter (libvpx, libvpx, libvpx)",5,0,2,0,0,0.002211,0.023,0,,,,,,,live:a,"{""qualityLimitationDurations"":{""cpu"":0,""none"":201.881,""other"":0,""bandwidth"":6.915}}"
2026-08-30T12:29:37.048855+00:00,2026-08-30T12:29:35.915+00:00,pub_stats,,a,show-dwlffblh,2891332,7242523,3000000,60,60,0,31,30,21.28,none,f,f+h+q,3,1080,1920,1080,1920,"SimulcastEncoderAdapter (libvpx, libvpx, libvpx)",5,0,2,0,0,0.000766,0.023,0,,,,,,,live:a,"{""qualityLimitationDurations"":{""cpu"":0,""none"":203.881,""other"":0,""bandwidth"":6.915}}"
2026-08-30T12:29:39.044941+00:00,2026-08-30T12:29:37.915+00:00,pub_stats,,a,show-dwlffblh,3084060,7242523,2993220,60,60,0,31,30,30.15,none,f,f+h+q,3,1080,1920,1080,1920,"SimulcastEncoderAdapter (libvpx, libvpx, libvpx)",5,0,2,0,0,0.000655,0.023,0,,,,,,,live:a,"{""qualityLimitationDurations"":{""cpu"":0,""none"":205.881,""other"":0,""bandwidth"":6.915}}"
2026-08-30T12:29:39.044941+00:00,2026-08-30T12:29:38.913+00:00,track_liveness_snapshot,,a,show-dwlffblh,,,,,,,,,,,,,,,,,,,,,,,,,,,,,,,,,,"{""entries"":[{""key"":""camfeed-a-wide-b15af972:TR_VC5Z9mEoZEuMzf"",""frames"":5929,""reason"":null,""staleSec"":1,""probation"":false},{""key"":""contestant-a-6171d5a7:TR_VCHFzHmQiGnt96"",""frames"":null,""reason"":null,""staleSec"":214,""probation"":false}],""trackCount"":2,""ineligibleCount"":0}"
2026-08-30T12:29:40.045107+00:00,2026-08-30T12:29:38.914+00:00,mic_level_sample,,a,show-dwlffblh,,,,,,,,,,,,,,,,,,,,,,,,,,,,,,,,,,"{""deviceId"":""a58e21953fa187ebbfa035f4c18fb6d2d3f12f0c3a35994d56f0781fea8405af"",""inputRms"":0.0013704462392357887,""outputRms"":0.0013704462392357887,""deviceLabel"":""MacBook Air Microphone (Built-in)"",""audioContextState"":""running""}"
2026-08-30T12:29:41.042755+00:00,2026-08-30T12:29:39.916+00:00,director_shot_emitted,,a,show-dwlffblh,,,,,,,,,,,,,,,,,,,,,,,,,,,,,,,,,,"{""shot"":""wide"",""slot"":""a"",""sourceRole"":""wide"",""decisionSource"":""auto"",""targetIdentity"":""camfeed-a-wide-b15af972""}"
2026-08-30T12:29:41.042755+00:00,2026-08-30T12:29:39.916+00:00,shot_publish_success,,a,show-dwlffblh,,,,,,,,,,,,,,,,,,,,,,,,,,,,,,,,,,"{""shot"":""wide"",""slot"":""a"",""commandId"":""31cb2947-5851-45f9-ae21-ab28cad386fa"",""decisionSource"":""auto"",""connectionState"":""connected""}"
2026-08-30T12:29:41.042755+00:00,2026-08-30T12:29:39.917+00:00,pub_stats,,a,show-dwlffblh,2931417,7242523,3000000,60,60,0,31,30,24,none,f,f+h+q,3,1080,1920,1080,1920,"SimulcastEncoderAdapter (libvpx, libvpx, libvpx)",5,0,2,0,0,0.000877,0.023,0,,,,,,,live:a,"{""qualityLimitationDurations"":{""cpu"":0,""none"":207.882,""other"":0,""bandwidth"":6.915}}"
2026-08-30T12:29:43.217662+00:00,2026-08-30T12:29:41.916+00:00,pub_stats,,a,show-dwlffblh,2749339,7242523,3000000,59,59,0,30,30,18.41,none,f,f+h+q,3,1080,1920,1080,1920,"SimulcastEncoderAdapter (libvpx, libvpx, libvpx)",5,0,2,0,0,0.000966,0.025,0,,,,,,,live:a,"{""qualityLimitationDurations"":{""cpu"":0,""none"":209.882,""other"":0,""bandwidth"":6.915}}"