client_ts,monotonic_ms,event_type,step,visibility,audio_ctx_state,audio_ctx_time_s,audio_track,video_track,video_frames,rms,wake_lock,gap_ms,detail
2026-09-03T18:26:27.283Z,13261,probe_started,,visible,running,0.141333,live/unmuted/enabled,live/unmuted/enabled,0,0.000175,released,,"{""userAgent"":""Mozilla/5.0 (iPhone; CPU iPhone OS 26_6_0 like Mac OS X) AppleWebKit/605.1.15 (KHTML, like Gecko) CriOS/152.0.7977.64 Mobile/15E148 Safari/604.1"",""platform"":""iPhone"",""screen"":""390x844"",""dpr"":3,""audioSampleRate"":48000,""videoSettings"":{""aspectRatio"":0.75,""backgroundBlur"":false,""deviceId"":""BE5746EDE5689DB245F73ED43B7979F1C373F19B"",""facingMode"":""user"",""frameRate"":30,""groupId"":""D553DAB5402820CF80691277EE8199DD2BEFA05D"",""height"":640,""powerEfficient"":false,""whiteBalanceMode"":""continuous"",""width"":480,""zoom"":1},""storageUsable"":true}"
2026-09-03T18:26:27.799Z,13777,tick,,visible,running,0.656000,live/unmuted/enabled,live/unmuted/enabled,0,0.000089,released,518,
2026-09-03T18:26:28.300Z,14278,tick,,visible,running,1.157333,live/unmuted/enabled,live/unmuted/enabled,0,0.000124,released,501,
2026-09-03T18:26:28.801Z,14778,tick,,visible,running,1.658667,live/unmuted/enabled,live/unmuted/enabled,0,0.000087,released,501,
2026-09-03T18:26:29.305Z,15283,tick,,visible,running,2.162667,live/unmuted/enabled,live/unmuted/enabled,0,0.000197,released,501,
2026-09-03T18:26:29.803Z,15780,tick,,visible,running,2.658667,live/unmuted/enabled,live/unmuted/enabled,0,0.000192,released,501,
2026-09-03T18:26:30.319Z,16297,tick,,visible,running,3.176000,live/unmuted/enabled,live/unmuted/enabled,0,0.000147,released,516,
2026-09-03T18:26:30.829Z,16806,tick,,visible,running,3.685333,live/unmuted/enabled,live/unmuted/enabled,0,0.000099,released,510,
2026-09-03T18:26:31.340Z,17317,tick,,visible,running,4.197333,live/unmuted/enabled,live/unmuted/enabled,0,0.001651,released,511,
2026-09-03T18:26:31.849Z,17826,tick,,visible,running,4.706667,live/unmuted/enabled,live/unmuted/enabled,0,0.000130,released,509,
2026-09-03T18:26:32.360Z,18337,tick,,visible,running,5.216000,live/unmuted/enabled,live/unmuted/enabled,0,0.000113,released,511,
2026-09-03T18:26:32.870Z,18847,tick,,visible,running,5.728000,live/unmuted/enabled,live/unmuted/enabled,0,0.000125,released,510,
2026-09-03T18:26:33.380Z,19357,tick,,visible,running,6.237333,live/unmuted/enabled,live/unmuted/enabled,0,0.000255,released,510,
2026-09-03T18:26:33.890Z,19867,tick,,visible,running,6.746667,live/unmuted/enabled,live/unmuted/enabled,0,0.000088,released,510,
2026-09-03T18:26:34.400Z,20377,tick,,visible,running,7.256000,live/unmuted/enabled,live/unmuted/enabled,0,0.000663,released,510,
2026-09-03T18:26:34.910Z,20887,tick,,visible,running,7.768000,live/unmuted/enabled,live/unmuted/enabled,0,0.000142,released,510,
2026-09-03T18:26:35.420Z,21397,tick,,visible,running,8.277333,live/unmuted/enabled,live/unmuted/enabled,0,0.000159,released,510,
2026-09-03T18:26:35.929Z,21906,tick,,visible,running,8.786667,live/unmuted/enabled,live/unmuted/enabled,0,0.000147,released,509,
2026-09-03T18:26:36.440Z,22417,tick,,visible,running,9.296000,live/unmuted/enabled,live/unmuted/enabled,0,0.000207,released,511,
2026-09-03T18:26:36.950Z,22927,tick,,visible,running,9.808000,live/unmuted/enabled,live/unmuted/enabled,0,0.000114,released,510,
2026-09-03T18:26:37.460Z,23437,tick,,visible,running,10.317333,live/unmuted/enabled,live/unmuted/enabled,0,0.002592,released,510,
2026-09-03T18:26:37.970Z,23948,tick,,visible,running,10.826667,live/unmuted/enabled,live/unmuted/enabled,0,0.003231,released,510,
2026-09-03T18:26:38.438Z,24416,step_begin,baseline,visible,running,11.296000,live/unmuted/enabled,live/unmuted/enabled,0,0.002511,released,,"{""step"":""baseline"",""label"":""Baseline""}"
2026-09-03T18:26:38.479Z,24456,tick,baseline,visible,running,11.336000,live/unmuted/enabled,live/unmuted/enabled,0,0.002015,released,509,
2026-09-03T18:26:38.990Z,24968,tick,baseline,visible,running,11.848000,live/unmuted/enabled,live/unmuted/enabled,0,0.000388,released,511,
2026-09-03T18:26:39.500Z,25477,tick,baseline,visible,running,12.357333,live/unmuted/enabled,live/unmuted/enabled,0,0.000172,released,510,
2026-09-03T18:26:40.010Z,25988,tick,baseline,visible,running,12.866667,live/unmuted/enabled,live/unmuted/enabled,0,0.000103,released,510,
2026-09-03T18:26:40.520Z,26497,tick,baseline,visible,running,13.376000,live/unmuted/enabled,live/unmuted/enabled,0,0.000162,released,510,
2026-09-03T18:26:41.030Z,27007,tick,baseline,visible,running,13.888000,live/unmuted/enabled,live/unmuted/enabled,0,0.000089,released,510,
2026-09-03T18:26:41.539Z,27516,tick,baseline,visible,running,14.397333,live/unmuted/enabled,live/unmuted/enabled,0,0.000124,released,509,
2026-09-03T18:26:42.050Z,28028,tick,baseline,visible,running,14.906667,live/unmuted/enabled,live/unmuted/enabled,0,0.000211,released,511,
2026-09-03T18:26:42.560Z,28537,tick,baseline,visible,running,15.416000,live/unmuted/enabled,live/unmuted/enabled,0,0.000059,released,510,
2026-09-03T18:26:43.070Z,29047,tick,baseline,visible,running,15.928000,live/unmuted/enabled,live/unmuted/enabled,0,0.000232,released,510,
2026-09-03T18:26:43.580Z,29557,tick,baseline,visible,running,16.437333,live/unmuted/enabled,live/unmuted/enabled,0,0.001623,released,509,
2026-09-03T18:26:44.090Z,30068,tick,baseline,visible,running,16.946667,live/unmuted/enabled,live/unmuted/enabled,0,0.000281,released,511,
2026-09-03T18:26:44.599Z,30576,tick,baseline,visible,running,17.456000,live/unmuted/enabled,live/unmuted/enabled,0,0.000756,released,509,
2026-09-03T18:26:44.603Z,30581,step_begin,minimise,visible,running,17.461333,live/unmuted/enabled,live/unmuted/enabled,0,0.000418,released,,"{""step"":""minimise"",""label"":""Minimise""}"
2026-09-03T18:26:45.110Z,31087,tick,minimise,visible,running,17.968000,live/unmuted/enabled,live/unmuted/enabled,0,0.000133,released,511,
2026-09-03T18:26:45.619Z,31597,tick,minimise,visible,running,18.477333,live/unmuted/enabled,live/unmuted/enabled,0,0.001019,released,509,
2026-09-03T18:26:46.130Z,32107,tick,minimise,visible,running,18.986667,live/unmuted/enabled,live/unmuted/enabled,0,0.003681,released,511,
2026-09-03T18:26:46.640Z,32617,tick,minimise,visible,running,19.496000,live/unmuted/enabled,live/unmuted/enabled,0,0.001523,released,510,
2026-09-03T18:26:47.150Z,33127,tick,minimise,visible,running,20.008000,live/unmuted/enabled,live/unmuted/enabled,0,0.002075,released,510,
2026-09-03T18:26:47.660Z,33637,tick,minimise,visible,running,20.517333,live/unmuted/enabled,live/unmuted/enabled,0,0.000504,released,510,
2026-09-03T18:26:48.170Z,34147,tick,minimise,visible,running,21.026667,live/unmuted/enabled,live/unmuted/enabled,0,0.001468,released,509,
2026-09-03T18:26:48.680Z,34657,tick,minimise,visible,running,21.536000,live/unmuted/enabled,live/unmuted/enabled,0,0.000210,released,511,
2026-09-03T18:26:49.190Z,35167,tick,minimise,visible,running,22.048000,live/unmuted/enabled,live/unmuted/enabled,0,0.000115,released,510,
2026-09-03T18:26:49.700Z,35677,tick,minimise,visible,running,22.557333,live/unmuted/enabled,live/unmuted/enabled,0,0.000207,released,509,
2026-09-03T18:26:50.211Z,36188,tick,minimise,visible,running,23.066667,live/unmuted/enabled,live/unmuted/enabled,0,0.000203,released,511,
2026-09-03T18:26:50.720Z,36697,tick,minimise,visible,running,23.576000,live/unmuted/enabled,live/unmuted/enabled,0,0.000179,released,510,
2026-09-03T18:26:51.230Z,37207,tick,minimise,visible,running,24.088000,live/unmuted/enabled,live/unmuted/enabled,0,0.000216,released,510,
2026-09-03T18:26:51.740Z,37717,tick,minimise,visible,running,24.597333,live/unmuted/enabled,live/unmuted/enabled,0,0.000335,released,510,
2026-09-03T18:26:52.250Z,38228,tick,minimise,visible,running,25.106667,live/unmuted/enabled,live/unmuted/enabled,0,0.000523,released,510,
2026-09-03T18:26:52.760Z,38737,tick,minimise,visible,running,25.616000,live/unmuted/enabled,live/unmuted/enabled,0,0.000563,released,510,
2026-09-03T18:26:53.270Z,39247,tick,minimise,visible,running,26.128000,live/unmuted/enabled,live/unmuted/enabled,0,0.000343,released,510,
2026-09-03T18:26:53.779Z,39756,tick,minimise,visible,running,26.637333,live/unmuted/enabled,live/unmuted/enabled,0,0.000126,released,509,
2026-09-03T18:26:54.291Z,40268,tick,minimise,visible,running,27.146667,live/unmuted/enabled,live/unmuted/enabled,0,0.000133,released,511,
2026-09-03T18:26:54.799Z,40777,tick,minimise,visible,running,27.656000,live/unmuted/enabled,live/unmuted/enabled,0,0.000331,released,509,
2026-09-03T18:26:55.217Z,41194,video_track_mute,minimise,visible,running,28.074667,live/unmuted/enabled,live/muted/enabled,0,0.000128,released,,
2026-09-03T18:26:55.310Z,41287,tick,minimise,visible,running,28.168000,live/unmuted/enabled,live/muted/enabled,0,0.000199,released,511,
2026-09-03T18:26:55.529Z,41506,window_blur,minimise,hidden,running,28.386667,live/unmuted/enabled,live/muted/enabled,0,0.000138,released,,
2026-09-03T18:26:55.531Z,41508,visibility_hidden,minimise,hidden,running,28.389333,live/unmuted/enabled,live/muted/enabled,0,0.000136,released,,
2026-09-03T18:26:55.965Z,41942,tick,minimise,hidden,running,28.821333,live/unmuted/enabled,live/muted/enabled,0,0.000173,released,655,
2026-09-03T18:26:56.966Z,42943,tick,minimise,hidden,running,29.821333,live/unmuted/enabled,live/muted/enabled,0,0.000164,released,1001,
2026-09-03T18:26:57.965Z,43942,tick,minimise,hidden,running,30.821333,live/unmuted/enabled,live/muted/enabled,0,0.000547,released,999,
2026-09-03T18:26:58.964Z,44942,tick,minimise,hidden,running,31.821333,live/unmuted/enabled,live/muted/enabled,0,0.000090,released,999,
2026-09-03T18:26:59.964Z,45941,tick,minimise,hidden,running,32.821333,live/unmuted/enabled,live/muted/enabled,0,0.000238,released,1000,
2026-09-03T18:27:00.965Z,46942,tick,minimise,hidden,running,33.821333,live/unmuted/enabled,live/muted/enabled,0,0.000204,released,1001,
2026-09-03T18:27:01.964Z,47942,tick,minimise,hidden,running,34.821333,live/unmuted/enabled,live/muted/enabled,0,0.000243,released,999,
2026-09-03T18:27:02.385Z,48362,window_focus,minimise,visible,running,35.242667,live/unmuted/enabled,live/muted/enabled,0,0.000121,released,,
2026-09-03T18:27:02.386Z,48363,window_focus,minimise,visible,running,35.242667,live/unmuted/enabled,live/muted/enabled,0,0.000121,released,,
2026-09-03T18:27:02.400Z,48377,visibility_visible,minimise,visible,running,35.258667,live/unmuted/enabled,live/muted/enabled,0,0.000313,released,,
2026-09-03T18:27:02.404Z,48381,video_track_unmute,minimise,visible,running,35.261333,live/unmuted/enabled,live/unmuted/enabled,0,0.000238,released,,
2026-09-03T18:27:02.479Z,48456,tick,minimise,visible,running,35.336000,live/unmuted/enabled,live/unmuted/enabled,0,0.000121,released,515,
2026-09-03T18:27:02.990Z,48967,tick,minimise,visible,running,35.848000,live/unmuted/enabled,live/unmuted/enabled,0,0.000261,released,510,
2026-09-03T18:27:03.500Z,49477,tick,minimise,visible,running,36.357333,live/unmuted/enabled,live/unmuted/enabled,0,0.000121,released,511,
2026-09-03T18:27:04.010Z,49987,tick,minimise,visible,running,36.866667,live/unmuted/enabled,live/unmuted/enabled,0,0.000210,released,510,
2026-09-03T18:27:04.520Z,50497,tick,minimise,visible,running,37.376000,live/unmuted/enabled,live/unmuted/enabled,0,0.000225,released,510,
2026-09-03T18:27:05.029Z,51007,tick,minimise,visible,running,37.885333,live/unmuted/enabled,live/unmuted/enabled,0,0.000083,released,509,
2026-09-03T18:27:05.540Z,51517,tick,minimise,visible,running,38.397333,live/unmuted/enabled,live/unmuted/enabled,0,0.000171,released,511,
2026-09-03T18:27:06.050Z,52027,tick,minimise,visible,running,38.906667,live/unmuted/enabled,live/unmuted/enabled,0,0.000134,released,510,
2026-09-03T18:27:06.559Z,52537,tick,minimise,visible,running,39.416000,live/unmuted/enabled,live/unmuted/enabled,0,0.000168,released,509,
2026-09-03T18:27:06.603Z,52580,step_begin,lock,visible,running,39.458667,live/unmuted/enabled,live/unmuted/enabled,0,0.001765,released,,"{""step"":""lock"",""label"":""Lock""}"
2026-09-03T18:27:07.070Z,53047,tick,lock,visible,running,39.928000,live/unmuted/enabled,live/unmuted/enabled,0,0.002678,released,511,
2026-09-03T18:27:07.580Z,53557,tick,lock,visible,running,40.437333,live/unmuted/enabled,live/unmuted/enabled,0,0.000133,released,510,
2026-09-03T18:27:08.089Z,54067,tick,lock,visible,running,40.946667,live/unmuted/enabled,live/unmuted/enabled,0,0.000203,released,509,
2026-09-03T18:27:08.600Z,54578,tick,lock,visible,running,41.458667,live/unmuted/enabled,live/unmuted/enabled,0,0.000139,released,511,
2026-09-03T18:27:09.110Z,55087,tick,lock,visible,running,41.968000,live/unmuted/enabled,live/unmuted/enabled,0,0.000312,released,510,
2026-09-03T18:27:09.353Z,55331,video_track_mute,lock,visible,running,42.210667,live/unmuted/enabled,live/muted/enabled,0,0.000170,released,,
2026-09-03T18:27:09.596Z,55573,window_blur,lock,hidden,running,42.453333,live/unmuted/enabled,live/muted/enabled,0,0.000289,released,,
2026-09-03T18:27:09.597Z,55574,visibility_hidden,lock,hidden,running,42.453333,live/unmuted/enabled,live/muted/enabled,0,0.000289,released,,
2026-09-03T18:27:09.965Z,55942,tick,lock,hidden,running,42.821333,live/unmuted/enabled,live/muted/enabled,0,0.000148,released,855,
2026-09-03T18:27:10.965Z,56942,tick,lock,hidden,running,43.821333,live/unmuted/enabled,live/muted/enabled,0,0.000149,released,1000,
2026-09-03T18:27:11.965Z,57942,tick,lock,hidden,running,44.821333,live/unmuted/enabled,live/muted/enabled,0,0.001290,released,1000,
2026-09-03T18:27:12.965Z,58942,tick,lock,hidden,running,45.821333,live/unmuted/enabled,live/muted/enabled,0,0.000162,released,1000,
2026-09-03T18:27:13.965Z,59942,tick,lock,hidden,running,46.821333,live/unmuted/enabled,live/muted/enabled,0,0.000098,released,1000,
2026-09-03T18:27:14.965Z,60942,tick,lock,hidden,running,47.821333,live/unmuted/enabled,live/muted/enabled,0,0.000457,released,1000,
2026-09-03T18:27:15.762Z,61740,window_focus,lock,visible,running,48.618667,live/unmuted/enabled,live/muted/enabled,0,0.000292,released,,
2026-09-03T18:27:15.764Z,61741,window_focus,lock,visible,running,48.621333,live/unmuted/enabled,live/muted/enabled,0,0.000270,released,,
2026-09-03T18:27:15.779Z,61756,tick,lock,visible,running,48.637333,live/unmuted/enabled,live/muted/enabled,0,0.000205,released,814,
2026-09-03T18:27:15.779Z,61756,visibility_visible,lock,visible,running,48.637333,live/unmuted/enabled,live/muted/enabled,0,0.000205,released,,
2026-09-03T18:27:15.783Z,61760,video_track_unmute,lock,visible,running,48.640000,live/unmuted/enabled,live/unmuted/enabled,0,0.000192,released,,
2026-09-03T18:27:16.309Z,62286,tick,lock,visible,running,49.165333,live/unmuted/enabled,live/unmuted/enabled,0,0.000177,released,530,
2026-09-03T18:27:16.819Z,62797,tick,lock,visible,running,49.677333,live/unmuted/enabled,live/unmuted/enabled,0,0.000147,released,510,
2026-09-03T18:27:17.330Z,63307,tick,lock,visible,running,50.186667,live/unmuted/enabled,live/unmuted/enabled,0,0.000177,released,511,
2026-09-03T18:27:17.840Z,63817,tick,lock,visible,running,50.698667,live/unmuted/enabled,live/unmuted/enabled,0,0.000253,released,510,
2026-09-03T18:27:18.349Z,64326,tick,lock,visible,running,51.205333,live/unmuted/enabled,live/unmuted/enabled,0,0.000183,released,509,
2026-09-03T18:27:18.860Z,64837,tick,lock,visible,running,51.717333,live/unmuted/enabled,live/unmuted/enabled,0,0.000207,released,511,
2026-09-03T18:27:19.370Z,65347,tick,lock,visible,running,52.226667,live/unmuted/enabled,live/unmuted/enabled,0,0.000243,released,510,
2026-09-03T18:27:19.880Z,65857,tick,lock,visible,running,52.738667,live/unmuted/enabled,live/unmuted/enabled,0,0.005260,released,510,
2026-09-03T18:27:20.340Z,66317,step_begin,call_ring,visible,running,53.197333,live/unmuted/enabled,live/unmuted/enabled,0,0.000478,released,,"{""step"":""call_ring"",""label"":""Call — ringing""}"
2026-09-03T18:27:20.390Z,66367,tick,call_ring,visible,running,53.248000,live/unmuted/enabled,live/unmuted/enabled,0,0.002011,released,509,
2026-09-03T18:27:20.900Z,66878,tick,call_ring,visible,running,53.757333,live/unmuted/enabled,live/unmuted/enabled,0,0.000816,released,511,
2026-09-03T18:27:21.410Z,67387,tick,call_ring,visible,running,54.266667,live/unmuted/enabled,live/unmuted/enabled,0,0.000169,released,510,
2026-09-03T18:27:21.920Z,67897,tick,call_ring,visible,running,54.778667,live/unmuted/enabled,live/unmuted/enabled,0,0.000105,released,510,
2026-09-03T18:27:22.429Z,68407,tick,call_ring,visible,running,55.285333,live/unmuted/enabled,live/unmuted/enabled,0,0.000146,released,509,
2026-09-03T18:27:22.942Z,68919,tick,call_ring,visible,running,55.800000,live/unmuted/enabled,live/unmuted/enabled,0,0.000247,released,512,
2026-09-03T18:27:23.450Z,69427,tick,call_ring,visible,running,56.306667,live/unmuted/enabled,live/unmuted/enabled,0,0.000089,released,509,
2026-09-03T18:27:23.961Z,69938,tick,call_ring,visible,running,56.818667,live/unmuted/enabled,live/unmuted/enabled,0,0.000167,released,511,
2026-09-03T18:27:24.470Z,70447,tick,call_ring,visible,running,57.328000,live/unmuted/enabled,live/unmuted/enabled,0,0.000314,released,509,
2026-09-03T18:27:24.981Z,70958,tick,call_ring,visible,running,57.837333,live/unmuted/enabled,live/unmuted/enabled,0,0.000124,released,511,
2026-09-03T18:27:25.490Z,71467,tick,call_ring,visible,running,58.346667,live/unmuted/enabled,live/unmuted/enabled,0,0.000303,released,509,
2026-09-03T18:27:25.668Z,71645,audio_track_mute,call_ring,visible,running,58.376000,live/muted/enabled,live/unmuted/enabled,0,0.000264,released,,
2026-09-03T18:27:25.668Z,71645,video_track_mute,call_ring,visible,running,58.376000,live/muted/enabled,live/muted/enabled,0,0.000264,released,,
2026-09-03T18:27:25.824Z,71801,audiocontext_statechange,call_ring,visible,interrupted,58.376000,live/muted/enabled,live/muted/enabled,0,0.000264,released,,"{""state"":""interrupted""}"
2026-09-03T18:27:26.000Z,71977,tick,call_ring,visible,interrupted,58.376000,live/muted/enabled,live/muted/enabled,0,0.000264,released,510,
2026-09-03T18:27:26.510Z,72487,tick,call_ring,visible,interrupted,58.376000,live/muted/enabled,live/muted/enabled,0,0.000264,released,510,
2026-09-03T18:27:27.021Z,72998,tick,call_ring,visible,interrupted,58.376000,live/muted/enabled,live/muted/enabled,0,0.000264,released,511,
2026-09-03T18:27:27.530Z,73507,tick,call_ring,visible,interrupted,58.376000,live/muted/enabled,live/muted/enabled,0,0.000264,released,509,
2026-09-03T18:27:28.040Z,74018,tick,call_ring,visible,interrupted,58.376000,live/muted/enabled,live/muted/enabled,0,0.000264,released,510,
2026-09-03T18:27:28.550Z,74527,tick,call_ring,visible,interrupted,58.376000,live/muted/enabled,live/muted/enabled,0,0.000264,released,510,
2026-09-03T18:27:29.062Z,75039,tick,call_ring,visible,interrupted,58.376000,live/muted/enabled,live/muted/enabled,0,0.000264,released,512,
2026-09-03T18:27:29.570Z,75547,tick,call_ring,visible,interrupted,58.376000,live/muted/enabled,live/muted/enabled,0,0.000264,released,508,
2026-09-03T18:27:30.082Z,76059,tick,call_ring,visible,interrupted,58.376000,live/muted/enabled,live/muted/enabled,0,0.000264,released,512,
2026-09-03T18:27:30.590Z,76567,tick,call_ring,visible,interrupted,58.376000,live/muted/enabled,live/muted/enabled,0,0.000264,released,508,
2026-09-03T18:27:31.102Z,77079,tick,call_ring,visible,interrupted,58.376000,live/muted/enabled,live/muted/enabled,0,0.000264,released,512,
2026-09-03T18:27:31.610Z,77587,tick,call_ring,visible,interrupted,58.376000,live/muted/enabled,live/muted/enabled,0,0.000264,released,508,
2026-09-03T18:27:32.122Z,78099,tick,call_ring,visible,interrupted,58.376000,live/muted/enabled,live/muted/enabled,0,0.000264,released,512,
2026-09-03T18:27:32.630Z,78607,tick,call_ring,visible,interrupted,58.376000,live/muted/enabled,live/muted/enabled,0,0.000264,released,508,
2026-09-03T18:27:33.142Z,79119,tick,call_ring,visible,interrupted,58.376000,live/muted/enabled,live/muted/enabled,0,0.000264,released,512,
2026-09-03T18:27:33.650Z,79627,tick,call_ring,visible,interrupted,58.376000,live/muted/enabled,live/muted/enabled,0,0.000264,released,508,
2026-09-03T18:27:34.162Z,80139,tick,call_ring,visible,interrupted,58.376000,live/muted/enabled,live/muted/enabled,0,0.000264,released,512,
2026-09-03T18:27:34.670Z,80647,tick,call_ring,visible,interrupted,58.376000,live/muted/enabled,live/muted/enabled,0,0.000264,released,508,
2026-09-03T18:27:35.181Z,81159,tick,call_ring,visible,interrupted,58.376000,live/muted/enabled,live/muted/enabled,0,0.000264,released,511,
2026-09-03T18:27:35.690Z,81667,tick,call_ring,visible,interrupted,58.376000,live/muted/enabled,live/muted/enabled,0,0.000264,released,509,
2026-09-03T18:27:36.202Z,82179,tick,call_ring,visible,interrupted,58.376000,live/muted/enabled,live/muted/enabled,0,0.000264,released,512,
2026-09-03T18:27:36.710Z,82687,tick,call_ring,visible,interrupted,58.376000,live/muted/enabled,live/muted/enabled,0,0.000264,released,508,
2026-09-03T18:27:36.927Z,82905,step_begin,call_answer,visible,interrupted,58.376000,live/muted/enabled,live/muted/enabled,0,0.000264,released,,"{""step"":""call_answer"",""label"":""Call — answered""}"
2026-09-03T18:27:37.222Z,83199,tick,call_answer,visible,interrupted,58.376000,live/muted/enabled,live/muted/enabled,0,0.000264,released,512,
2026-09-03T18:27:37.733Z,83712,tick,call_answer,visible,interrupted,58.376000,live/muted/enabled,live/muted/enabled,0,0.000264,released,508,
2026-09-03T18:27:38.242Z,84219,tick,call_answer,visible,interrupted,58.376000,live/muted/enabled,live/muted/enabled,0,0.000264,released,512,
2026-09-03T18:27:38.749Z,84726,tick,call_answer,visible,interrupted,58.376000,live/muted/enabled,live/muted/enabled,0,0.000264,released,507,
2026-09-03T18:27:39.261Z,85238,tick,call_answer,visible,interrupted,58.376000,live/muted/enabled,live/muted/enabled,0,0.000264,released,512,
2026-09-03T18:27:39.769Z,85746,tick,call_answer,visible,interrupted,58.376000,live/muted/enabled,live/muted/enabled,0,0.000264,released,508,
2026-09-03T18:27:39.828Z,85805,window_blur,call_answer,hidden,interrupted,58.376000,live/muted/enabled,live/muted/enabled,0,0.000264,released,,
2026-09-03T18:27:39.829Z,85806,visibility_hidden,call_answer,hidden,interrupted,58.376000,live/muted/enabled,live/muted/enabled,0,0.000264,released,,
2026-09-03T18:27:40.966Z,86943,tick,call_answer,hidden,interrupted,58.376000,live/muted/enabled,live/muted/enabled,0,0.000264,released,1196,
2026-09-03T18:27:41.965Z,87942,tick,call_answer,hidden,interrupted,58.376000,live/muted/enabled,live/muted/enabled,0,0.000264,released,1000,
2026-09-03T18:27:43.062Z,89039,tick,call_answer,hidden,interrupted,58.376000,live/muted/enabled,live/muted/enabled,0,0.000264,released,1096,
2026-09-03T18:27:44.065Z,90042,tick,call_answer,hidden,interrupted,58.376000,live/muted/enabled,live/muted/enabled,0,0.000264,released,1004,
2026-09-03T18:28:03.650Z,109627,tick,call_answer,hidden,interrupted,58.376000,live/muted/enabled,live/muted/enabled,0,0.000264,released,19584,
2026-09-03T18:28:03.662Z,109639,window_focus,call_answer,visible,interrupted,58.376000,live/muted/enabled,live/muted/enabled,0,0.000264,released,,
2026-09-03T18:28:03.669Z,109646,window_focus,call_answer,visible,interrupted,58.376000,live/muted/enabled,live/muted/enabled,0,0.000264,released,,
2026-09-03T18:28:03.673Z,109650,visibility_visible,call_answer,visible,interrupted,58.376000,live/muted/enabled,live/muted/enabled,0,0.000264,released,,
2026-09-03T18:28:04.306Z,110283,tick,call_answer,visible,interrupted,58.376000,live/muted/enabled,live/muted/enabled,0,0.000264,released,657,
2026-09-03T18:28:04.307Z,110284,audiocontext_statechange,call_answer,visible,running,58.376000,live/muted/enabled,live/muted/enabled,0,0.000264,released,,"{""state"":""running""}"
2026-09-03T18:28:04.820Z,110797,tick,call_answer,visible,running,58.424000,live/muted/enabled,live/muted/enabled,0,0.000000,released,514,
2026-09-03T18:28:05.330Z,111307,tick,call_answer,visible,running,58.933333,live/muted/enabled,live/muted/enabled,0,0.000000,released,510,
2026-09-03T18:28:05.841Z,111818,tick,call_answer,visible,running,59.445333,live/muted/enabled,live/muted/enabled,0,0.000000,released,511,
2026-09-03T18:28:06.350Z,112327,tick,call_answer,visible,running,59.954667,live/muted/enabled,live/muted/enabled,0,0.000000,released,509,
2026-09-03T18:28:06.716Z,112693,step_begin,call_outgoing,visible,running,60.320000,live/muted/enabled,live/muted/enabled,0,0.000000,released,,"{""step"":""call_outgoing"",""label"":""Call — outgoing""}"
2026-09-03T18:28:06.860Z,112837,tick,call_outgoing,visible,running,60.464000,live/muted/enabled,live/muted/enabled,0,0.000000,released,510,
2026-09-03T18:28:07.370Z,113347,tick,call_outgoing,visible,running,60.973333,live/muted/enabled,live/muted/enabled,0,0.000000,released,510,
2026-09-03T18:28:07.881Z,113858,tick,call_outgoing,visible,running,61.485333,live/muted/enabled,live/muted/enabled,0,0.000000,released,511,
2026-09-03T18:28:08.390Z,114367,tick,call_outgoing,visible,running,61.994667,live/muted/enabled,live/muted/enabled,0,0.000000,released,509,
2026-09-03T18:28:08.902Z,114879,tick,call_outgoing,visible,running,62.506667,live/muted/enabled,live/muted/enabled,0,0.000000,released,512,
2026-09-03T18:28:09.410Z,115387,tick,call_outgoing,visible,running,63.013333,live/muted/enabled,live/muted/enabled,0,0.000000,released,508,
2026-09-03T18:28:09.921Z,115898,tick,call_outgoing,visible,running,63.525333,live/muted/enabled,live/muted/enabled,0,0.000000,released,511,
2026-09-03T18:28:10.391Z,116368,window_blur,call_outgoing,hidden,running,63.994667,live/muted/enabled,live/muted/enabled,0,0.000000,released,,
2026-09-03T18:28:10.430Z,116407,visibility_hidden,call_outgoing,hidden,running,64.034667,live/muted/enabled,live/muted/enabled,0,0.000024,released,,
2026-09-03T18:28:10.431Z,116408,audio_track_unmute,call_outgoing,hidden,running,64.034667,live/unmuted/enabled,live/muted/enabled,0,0.000024,released,,
2026-09-03T18:28:10.431Z,116408,video_track_unmute,call_outgoing,hidden,running,64.034667,live/unmuted/enabled,live/unmuted/enabled,0,0.000024,released,,
2026-09-03T18:28:10.431Z,116408,video_track_mute,call_outgoing,hidden,running,64.034667,live/unmuted/enabled,live/muted/enabled,0,0.000024,released,,
2026-09-03T18:28:10.431Z,116408,tick,call_outgoing,hidden,running,64.034667,live/unmuted/enabled,live/muted/enabled,0,0.000024,released,510,
2026-09-03T18:28:11.137Z,117114,tick,call_outgoing,hidden,running,64.565333,live/unmuted/enabled,live/muted/enabled,0,0.000243,released,706,
2026-09-03T18:28:11.965Z,117942,tick,call_outgoing,hidden,running,64.565333,live/unmuted/enabled,live/muted/enabled,0,0.000243,released,828,
2026-09-03T18:28:12.965Z,118942,tick,call_outgoing,hidden,running,64.565333,live/unmuted/enabled,live/muted/enabled,0,0.000243,released,1000,
2026-09-03T18:28:13.966Z,119943,tick,call_outgoing,hidden,running,64.565333,live/unmuted/enabled,live/muted/enabled,0,0.000243,released,1001,
2026-09-03T18:28:14.259Z,120236,audiocontext_statechange,call_outgoing,hidden,interrupted,64.565333,live/unmuted/enabled,live/muted/enabled,0,0.000243,released,,"{""state"":""interrupted""}"
2026-09-03T18:28:14.965Z,120942,tick,call_outgoing,hidden,interrupted,64.565333,live/unmuted/enabled,live/muted/enabled,0,0.000243,released,999,
2026-09-03T18:28:15.967Z,121944,tick,call_outgoing,hidden,interrupted,64.565333,live/unmuted/enabled,live/muted/enabled,0,0.000243,released,1002,
2026-09-03T18:28:16.965Z,122942,tick,call_outgoing,hidden,interrupted,64.565333,live/unmuted/enabled,live/muted/enabled,0,0.000243,released,998,
2026-09-03T18:28:17.967Z,123944,tick,call_outgoing,hidden,interrupted,64.565333,live/unmuted/enabled,live/muted/enabled,0,0.000243,released,1002,
2026-09-03T18:28:18.965Z,124942,tick,call_outgoing,hidden,interrupted,64.565333,live/unmuted/enabled,live/muted/enabled,0,0.000243,released,998,
2026-09-03T18:28:19.967Z,125944,tick,call_outgoing,hidden,interrupted,64.565333,live/unmuted/enabled,live/muted/enabled,0,0.000243,released,1002,
2026-09-03T18:28:20.965Z,126942,tick,call_outgoing,hidden,interrupted,64.565333,live/unmuted/enabled,live/muted/enabled,0,0.000243,released,997,
2026-09-03T18:28:21.972Z,127949,tick,call_outgoing,hidden,interrupted,64.565333,live/unmuted/enabled,live/muted/enabled,0,0.000243,released,1008,
2026-09-03T18:28:22.965Z,128942,tick,call_outgoing,hidden,interrupted,64.565333,live/unmuted/enabled,live/muted/enabled,0,0.000243,released,993,
2026-09-03T18:28:23.968Z,129945,tick,call_outgoing,hidden,interrupted,64.565333,live/unmuted/enabled,live/muted/enabled,0,0.000243,released,1002,
2026-09-03T18:28:24.965Z,130942,tick,call_outgoing,hidden,interrupted,64.565333,live/unmuted/enabled,live/muted/enabled,0,0.000243,released,998,
2026-09-03T18:28:25.967Z,131944,tick,call_outgoing,hidden,interrupted,64.565333,live/unmuted/enabled,live/muted/enabled,0,0.000243,released,1002,
2026-09-03T18:28:26.965Z,132942,tick,call_outgoing,hidden,interrupted,64.565333,live/unmuted/enabled,live/muted/enabled,0,0.000243,released,998,
2026-09-03T18:28:27.968Z,133945,tick,call_outgoing,hidden,interrupted,64.565333,live/unmuted/enabled,live/muted/enabled,0,0.000243,released,1002,
2026-09-03T18:28:28.964Z,134941,tick,call_outgoing,hidden,interrupted,64.565333,live/unmuted/enabled,live/muted/enabled,0,0.000243,released,997,
2026-09-03T18:28:29.966Z,135943,tick,call_outgoing,hidden,interrupted,64.565333,live/unmuted/enabled,live/muted/enabled,0,0.000243,released,1002,
2026-09-03T18:28:30.965Z,136942,tick,call_outgoing,hidden,interrupted,64.565333,live/unmuted/enabled,live/muted/enabled,0,0.000243,released,999,
2026-09-03T18:28:33.870Z,139847,tick,call_outgoing,hidden,interrupted,64.565333,live/unmuted/enabled,live/muted/enabled,0,0.000243,released,2903,
2026-09-03T18:28:33.944Z,139921,window_focus,call_outgoing,visible,interrupted,64.565333,live/unmuted/enabled,live/muted/enabled,0,0.000243,released,,
2026-09-03T18:28:34.095Z,140072,window_focus,call_outgoing,visible,interrupted,64.565333,live/unmuted/enabled,live/muted/enabled,0,0.000243,released,,
2026-09-03T18:28:34.106Z,140083,visibility_visible,call_outgoing,visible,interrupted,64.565333,live/unmuted/enabled,live/muted/enabled,0,0.000243,released,,
2026-09-03T18:28:34.112Z,140089,video_track_unmute,call_outgoing,visible,interrupted,64.565333,live/unmuted/enabled,live/unmuted/enabled,0,0.000243,released,,
2026-09-03T18:28:34.158Z,140135,audiocontext_statechange,call_outgoing,visible,running,64.594667,live/unmuted/enabled,live/unmuted/enabled,0,0.000000,released,,"{""state"":""running""}"
2026-09-03T18:28:34.370Z,140347,tick,call_outgoing,visible,running,64.805333,live/unmuted/enabled,live/unmuted/enabled,0,0.000000,released,502,
2026-09-03T18:28:34.881Z,140858,tick,call_outgoing,visible,running,65.314667,live/unmuted/enabled,live/unmuted/enabled,0,0.000000,released,511,
2026-09-03T18:28:35.391Z,141368,tick,call_outgoing,visible,running,65.826667,live/unmuted/enabled,live/unmuted/enabled,0,0.000000,released,510,
2026-09-03T18:28:35.901Z,141878,tick,call_outgoing,visible,running,66.336000,live/unmuted/enabled,live/unmuted/enabled,0,0.000000,released,510,
2026-09-03T18:28:36.410Z,142387,tick,call_outgoing,visible,running,66.845333,live/unmuted/enabled,live/unmuted/enabled,0,0.000000,released,509,
2026-09-03T18:28:36.922Z,142899,tick,call_outgoing,visible,running,67.357333,live/unmuted/enabled,live/unmuted/enabled,0,0.000000,released,512,
2026-09-03T18:28:37.430Z,143407,tick,call_outgoing,visible,running,67.864000,live/unmuted/enabled,live/unmuted/enabled,0,0.000000,released,508,
2026-09-03T18:28:37.942Z,143919,tick,call_outgoing,visible,running,68.376000,live/unmuted/enabled,live/unmuted/enabled,0,0.000000,released,512,
2026-09-03T18:28:38.450Z,144427,tick,call_outgoing,visible,running,68.885333,live/unmuted/enabled,live/unmuted/enabled,0,0.000000,released,508,
2026-09-03T18:28:38.962Z,144939,tick,call_outgoing,visible,running,69.397333,live/unmuted/enabled,live/unmuted/enabled,0,0.000000,released,512,
2026-09-03T18:28:39.470Z,145447,tick,call_outgoing,visible,running,69.904000,live/unmuted/enabled,live/unmuted/enabled,0,0.000000,released,508,
2026-09-03T18:28:39.982Z,145959,tick,call_outgoing,visible,running,70.416000,live/unmuted/enabled,live/unmuted/enabled,0,0.000000,released,512,
2026-09-03T18:28:40.490Z,146467,tick,call_outgoing,visible,running,70.925333,live/unmuted/enabled,live/unmuted/enabled,0,0.000000,released,508,
2026-09-03T18:28:41.002Z,146979,tick,call_outgoing,visible,running,71.437333,live/unmuted/enabled,live/unmuted/enabled,0,0.000000,released,512,
2026-09-03T18:28:41.510Z,147487,tick,call_outgoing,visible,running,71.944000,live/unmuted/enabled,live/unmuted/enabled,0,0.000000,released,508,
2026-09-03T18:28:42.021Z,147998,tick,call_outgoing,visible,running,72.456000,live/unmuted/enabled,live/unmuted/enabled,0,0.000000,released,511,
2026-09-03T18:28:42.530Z,148507,tick,call_outgoing,visible,running,72.965333,live/unmuted/enabled,live/unmuted/enabled,0,0.000000,released,509,
2026-09-03T18:28:43.042Z,149019,tick,call_outgoing,visible,running,73.477333,live/unmuted/enabled,live/unmuted/enabled,0,0.000000,released,512,
2026-09-03T18:28:43.550Z,149527,tick,call_outgoing,visible,running,73.984000,live/unmuted/enabled,live/unmuted/enabled,0,0.000000,released,508,
2026-09-03T18:28:44.062Z,150039,tick,call_outgoing,visible,running,74.496000,live/unmuted/enabled,live/unmuted/enabled,0,0.000000,released,512,
2026-09-03T18:28:44.570Z,150547,tick,call_outgoing,visible,running,75.005333,live/unmuted/enabled,live/unmuted/enabled,0,0.000000,released,508,
2026-09-03T18:28:45.082Z,151059,tick,call_outgoing,visible,running,75.517333,live/unmuted/enabled,live/unmuted/enabled,0,0.000000,released,512,
2026-09-03T18:28:45.590Z,151567,tick,call_outgoing,visible,running,76.024000,live/unmuted/enabled,live/unmuted/enabled,0,0.000000,released,508,
2026-09-03T18:28:46.101Z,152078,tick,call_outgoing,visible,running,76.536000,live/unmuted/enabled,live/unmuted/enabled,0,0.000000,released,511,
2026-09-03T18:28:46.610Z,152586,tick,call_outgoing,visible,running,77.045333,live/unmuted/enabled,live/unmuted/enabled,0,0.000000,released,508,
2026-09-03T18:28:47.121Z,153098,tick,call_outgoing,visible,running,77.557333,live/unmuted/enabled,live/unmuted/enabled,0,0.000000,released,512,
2026-09-03T18:28:47.630Z,153607,tick,call_outgoing,visible,running,78.064000,live/unmuted/enabled,live/unmuted/enabled,0,0.000000,released,509,
2026-09-03T18:28:48.140Z,154117,tick,call_outgoing,visible,running,78.576000,live/unmuted/enabled,live/unmuted/enabled,0,0.000000,released,510,
2026-09-03T18:28:48.650Z,154627,tick,call_outgoing,visible,running,79.085333,live/unmuted/enabled,live/unmuted/enabled,0,0.000000,released,510,
2026-09-03T18:28:49.162Z,155138,tick,call_outgoing,visible,running,79.597333,live/unmuted/enabled,live/unmuted/enabled,0,0.000000,released,511,
2026-09-03T18:28:49.474Z,155451,step_begin,assistant,visible,running,79.909333,live/unmuted/enabled,live/unmuted/enabled,0,0.000000,released,,"{""step"":""assistant"",""label"":""Assistant / alarm""}"
2026-09-03T18:28:49.669Z,155646,tick,assistant,visible,running,80.104000,live/unmuted/enabled,live/unmuted/enabled,0,0.000000,released,508,
2026-09-03T18:28:50.182Z,156159,tick,assistant,visible,running,80.618667,live/unmuted/enabled,live/unmuted/enabled,0,0.000000,released,513,
2026-09-03T18:28:50.690Z,156667,tick,assistant,visible,running,81.125333,live/unmuted/enabled,live/unmuted/enabled,0,0.000000,released,508,
2026-09-03T18:28:51.202Z,157178,tick,assistant,visible,running,81.637333,live/unmuted/enabled,live/unmuted/enabled,0,0.000000,released,511,
2026-09-03T18:28:51.710Z,157687,tick,assistant,visible,running,82.144000,live/unmuted/enabled,live/unmuted/enabled,0,0.000000,released,509,
2026-09-03T18:28:52.221Z,158198,tick,assistant,visible,running,82.656000,live/unmuted/enabled,live/unmuted/enabled,0,0.000000,released,511,
2026-09-03T18:28:52.729Z,158706,tick,assistant,visible,running,83.165333,live/unmuted/enabled,live/unmuted/enabled,0,0.000000,released,508,
2026-09-03T18:28:53.242Z,159219,tick,assistant,visible,running,83.677333,live/unmuted/enabled,live/unmuted/enabled,0,0.000000,released,513,
2026-09-03T18:28:53.750Z,159727,tick,assistant,visible,running,84.186667,live/unmuted/enabled,live/unmuted/enabled,0,0.000000,released,508,
2026-09-03T18:28:54.262Z,160239,tick,assistant,visible,running,84.696000,live/unmuted/enabled,live/unmuted/enabled,0,0.000000,released,512,
2026-09-03T18:28:54.770Z,160747,tick,assistant,visible,running,85.205333,live/unmuted/enabled,live/unmuted/enabled,0,0.000000,released,508,
2026-09-03T18:28:55.281Z,161258,tick,assistant,visible,running,85.717333,live/unmuted/enabled,live/unmuted/enabled,0,0.000000,released,511,
2026-09-03T18:28:55.790Z,161767,tick,assistant,visible,running,86.226667,live/unmuted/enabled,live/unmuted/enabled,0,0.000000,released,509,
2026-09-03T18:28:56.302Z,162278,tick,assistant,visible,running,86.736000,live/unmuted/enabled,live/unmuted/enabled,0,0.000000,released,511,
2026-09-03T18:28:56.810Z,162787,tick,assistant,visible,running,87.245333,live/unmuted/enabled,live/unmuted/enabled,0,0.000000,released,509,
2026-09-03T18:28:57.322Z,163299,tick,assistant,visible,running,87.757333,live/unmuted/enabled,live/unmuted/enabled,0,0.000000,released,512,
2026-09-03T18:28:57.829Z,163806,tick,assistant,visible,running,88.264000,live/unmuted/enabled,live/unmuted/enabled,0,0.000000,released,507,
2026-09-03T18:28:58.341Z,164318,tick,assistant,visible,running,88.776000,live/unmuted/enabled,live/unmuted/enabled,0,0.000000,released,512,
2026-09-03T18:28:58.850Z,164827,tick,assistant,visible,running,89.285333,live/unmuted/enabled,live/unmuted/enabled,0,0.000000,released,509,
2026-09-03T18:28:59.362Z,165338,tick,assistant,visible,running,89.797333,live/unmuted/enabled,live/unmuted/enabled,0,0.000000,released,512,
2026-09-03T18:28:59.870Z,165847,tick,assistant,visible,running,90.306667,live/unmuted/enabled,live/unmuted/enabled,0,0.000000,released,508,
2026-09-03T18:29:00.382Z,166359,tick,assistant,visible,running,90.816000,live/unmuted/enabled,live/unmuted/enabled,0,0.000000,released,512,
2026-09-03T18:29:00.890Z,166867,tick,assistant,visible,running,91.325333,live/unmuted/enabled,live/unmuted/enabled,0,0.000000,released,508,
2026-09-03T18:29:01.402Z,167379,tick,assistant,visible,running,91.837333,live/unmuted/enabled,live/unmuted/enabled,0,0.000000,released,512,
2026-09-03T18:29:01.910Z,167887,tick,assistant,visible,running,92.346667,live/unmuted/enabled,live/unmuted/enabled,0,0.000000,released,508,
2026-09-03T18:29:02.422Z,168399,tick,assistant,visible,running,92.858667,live/unmuted/enabled,live/unmuted/enabled,0,0.000000,released,512,
2026-09-03T18:29:02.930Z,168907,tick,assistant,visible,running,93.365333,live/unmuted/enabled,live/unmuted/enabled,0,0.000000,released,508,
2026-09-03T18:29:03.441Z,169418,tick,assistant,visible,running,93.877333,live/unmuted/enabled,live/unmuted/enabled,0,0.000000,released,511,
2026-09-03T18:29:03.949Z,169926,tick,assistant,visible,running,94.384000,live/unmuted/enabled,live/unmuted/enabled,0,0.000000,released,508,
2026-09-03T18:29:04.460Z,170437,tick,assistant,visible,running,94.896000,live/unmuted/enabled,live/unmuted/enabled,0,0.000000,released,511,
2026-09-03T18:29:04.970Z,170946,tick,assistant,visible,running,95.405333,live/unmuted/enabled,live/unmuted/enabled,0,0.000000,released,509,
2026-09-03T18:29:05.482Z,171459,tick,assistant,visible,running,95.917333,live/unmuted/enabled,live/unmuted/enabled,0,0.000000,released,513,
2026-09-03T18:29:05.990Z,171967,tick,assistant,visible,running,96.424000,live/unmuted/enabled,live/unmuted/enabled,0,0.000000,released,508,
2026-09-03T18:29:06.502Z,172479,tick,assistant,visible,running,96.936000,live/unmuted/enabled,live/unmuted/enabled,0,0.000000,released,512,
2026-09-03T18:29:07.010Z,172987,tick,assistant,visible,running,97.445333,live/unmuted/enabled,live/unmuted/enabled,0,0.000000,released,508,
2026-09-03T18:29:07.522Z,173498,tick,assistant,visible,running,97.957333,live/unmuted/enabled,live/unmuted/enabled,0,0.000000,released,511,
2026-09-03T18:29:08.030Z,174007,tick,assistant,visible,running,98.466667,live/unmuted/enabled,live/unmuted/enabled,0,0.000000,released,509,
2026-09-03T18:29:08.541Z,174518,tick,assistant,visible,running,98.976000,live/unmuted/enabled,live/unmuted/enabled,0,0.000000,released,511,
2026-09-03T18:29:09.049Z,175026,tick,assistant,visible,running,99.485333,live/unmuted/enabled,live/unmuted/enabled,0,0.000000,released,508,
2026-09-03T18:29:09.562Z,175538,tick,assistant,visible,running,99.997333,live/unmuted/enabled,live/unmuted/enabled,0,0.000000,released,512,
2026-09-03T18:29:10.070Z,176047,tick,assistant,visible,running,100.504000,live/unmuted/enabled,live/unmuted/enabled,0,0.000000,released,509,
2026-09-03T18:29:10.583Z,176559,tick,assistant,visible,running,101.018667,live/unmuted/enabled,live/unmuted/enabled,0,0.000000,released,512,
2026-09-03T18:29:11.090Z,177066,tick,assistant,visible,running,101.525333,live/unmuted/enabled,live/unmuted/enabled,0,0.000000,released,508,
2026-09-03T18:29:11.602Z,177579,tick,assistant,visible,running,102.037333,live/unmuted/enabled,live/unmuted/enabled,0,0.000000,released,512,
2026-09-03T18:29:12.110Z,178087,tick,assistant,visible,running,102.546667,live/unmuted/enabled,live/unmuted/enabled,0,0.000000,released,508,
2026-09-03T18:29:12.621Z,178598,tick,assistant,visible,running,103.056000,live/unmuted/enabled,live/unmuted/enabled,0,0.000000,released,511,
2026-09-03T18:29:13.129Z,179106,tick,assistant,visible,running,103.565333,live/unmuted/enabled,live/unmuted/enabled,0,0.000000,released,508,
2026-09-03T18:29:13.644Z,179621,tick,assistant,visible,running,104.080000,live/unmuted/enabled,live/unmuted/enabled,0,0.000000,released,515,
2026-09-03T18:29:14.150Z,180127,tick,assistant,visible,running,104.584000,live/unmuted/enabled,live/unmuted/enabled,0,0.000000,released,506,
2026-09-03T18:29:14.662Z,180639,tick,assistant,visible,running,105.098667,live/unmuted/enabled,live/unmuted/enabled,0,0.000000,released,512,
2026-09-03T18:29:15.170Z,181147,tick,assistant,visible,running,105.605333,live/unmuted/enabled,live/unmuted/enabled,0,0.000000,released,508,
2026-09-03T18:29:15.682Z,181659,tick,assistant,visible,running,106.117333,live/unmuted/enabled,live/unmuted/enabled,0,0.000000,released,512,
2026-09-03T18:29:16.190Z,182167,tick,assistant,visible,running,106.626667,live/unmuted/enabled,live/unmuted/enabled,0,0.000000,released,508,
2026-09-03T18:29:16.702Z,182679,tick,assistant,visible,running,107.138667,live/unmuted/enabled,live/unmuted/enabled,0,0.000000,released,512,
2026-09-03T18:29:17.210Z,183187,tick,assistant,visible,running,107.645333,live/unmuted/enabled,live/unmuted/enabled,0,0.000000,released,508,
2026-09-03T18:29:17.721Z,183698,tick,assistant,visible,running,108.154667,live/unmuted/enabled,live/unmuted/enabled,0,0.000000,released,511,
2026-09-03T18:29:18.230Z,184207,tick,assistant,visible,running,108.666667,live/unmuted/enabled,live/unmuted/enabled,0,0.000000,released,509,
2026-09-03T18:29:18.741Z,184718,tick,assistant,visible,running,109.176000,live/unmuted/enabled,live/unmuted/enabled,0,0.000000,released,511,
2026-09-03T18:29:19.249Z,185226,tick,assistant,visible,running,109.685333,live/unmuted/enabled,live/unmuted/enabled,0,0.000000,released,508,
2026-09-03T18:29:19.761Z,185738,tick,assistant,visible,running,110.197333,live/unmuted/enabled,live/unmuted/enabled,0,0.000000,released,512,
2026-09-03T18:29:20.270Z,186246,tick,assistant,visible,running,110.704000,live/unmuted/enabled,live/unmuted/enabled,0,0.000000,released,508,
2026-09-03T18:29:20.609Z,186586,video_track_mute,assistant,visible,running,111.045333,live/unmuted/enabled,live/muted/enabled,0,0.000000,released,,
2026-09-03T18:29:20.780Z,186757,tick,assistant,visible,running,111.216000,live/unmuted/enabled,live/muted/enabled,0,0.000000,released,511,
2026-09-03T18:29:20.832Z,186809,window_blur,assistant,hidden,running,111.266667,live/unmuted/enabled,live/muted/enabled,0,0.000000,released,,
2026-09-03T18:29:20.833Z,186810,visibility_hidden,assistant,hidden,running,111.269333,live/unmuted/enabled,live/muted/enabled,0,0.000000,released,,
2026-09-03T18:29:21.966Z,187942,tick,assistant,hidden,running,112.400000,live/unmuted/enabled,live/muted/enabled,0,0.000000,released,1186,
2026-09-03T18:29:22.965Z,188942,tick,assistant,hidden,running,113.400000,live/unmuted/enabled,live/muted/enabled,0,0.000000,released,999,
2026-09-03T18:29:23.966Z,189942,tick,assistant,hidden,running,114.400000,live/unmuted/enabled,live/muted/enabled,0,0.000000,released,1000,
2026-09-03T18:29:24.967Z,190944,tick,assistant,hidden,running,115.402667,live/unmuted/enabled,live/muted/enabled,0,0.000000,released,1002,
2026-09-03T18:29:25.966Z,191942,tick,assistant,hidden,running,116.400000,live/unmuted/enabled,live/muted/enabled,0,0.000000,released,998,
2026-09-03T18:29:26.967Z,192944,tick,assistant,hidden,running,117.402667,live/unmuted/enabled,live/muted/enabled,0,0.000000,released,1002,
2026-09-03T18:29:27.966Z,193942,tick,assistant,hidden,running,118.400000,live/unmuted/enabled,live/muted/enabled,0,0.000000,released,998,
2026-09-03T18:29:28.967Z,194944,tick,assistant,hidden,running,119.402667,live/unmuted/enabled,live/muted/enabled,0,0.000000,released,1002,
2026-09-03T18:29:29.966Z,195942,tick,assistant,hidden,running,120.400000,live/unmuted/enabled,live/muted/enabled,0,0.000000,released,999,
2026-09-03T18:29:30.967Z,196944,tick,assistant,hidden,running,121.402667,live/unmuted/enabled,live/muted/enabled,0,0.000000,released,1001,
2026-09-03T18:29:31.965Z,197942,tick,assistant,hidden,running,122.400000,live/unmuted/enabled,live/muted/enabled,0,0.000000,released,998,
2026-09-03T18:29:32.967Z,198944,tick,assistant,hidden,running,123.402667,live/unmuted/enabled,live/muted/enabled,0,0.000000,released,1002,
2026-09-03T18:29:33.966Z,199942,tick,assistant,hidden,running,124.400000,live/unmuted/enabled,live/muted/enabled,0,0.000000,released,998,
2026-09-03T18:29:34.967Z,200944,tick,assistant,hidden,running,125.402667,live/unmuted/enabled,live/muted/enabled,0,0.000000,released,1002,
2026-09-03T18:29:35.966Z,201942,tick,assistant,hidden,running,126.400000,live/unmuted/enabled,live/muted/enabled,0,0.000000,released,998,
2026-09-03T18:29:36.968Z,202944,tick,assistant,hidden,running,127.402667,live/unmuted/enabled,live/muted/enabled,0,0.000000,released,1002,
2026-09-03T18:29:37.965Z,203942,tick,assistant,hidden,running,128.400000,live/unmuted/enabled,live/muted/enabled,0,0.000000,released,998,
2026-09-03T18:29:38.967Z,204944,tick,assistant,hidden,running,129.402667,live/unmuted/enabled,live/muted/enabled,0,0.000000,released,1002,
2026-09-03T18:29:39.965Z,205942,tick,assistant,hidden,running,130.400000,live/unmuted/enabled,live/muted/enabled,0,0.000000,released,998,
2026-09-03T18:29:40.967Z,206944,tick,assistant,hidden,running,131.402667,live/unmuted/enabled,live/muted/enabled,0,0.000000,released,1002,
2026-09-03T18:29:41.966Z,207942,tick,assistant,hidden,running,132.400000,live/unmuted/enabled,live/muted/enabled,0,0.000000,released,999,
2026-09-03T18:29:42.968Z,208944,tick,assistant,hidden,running,133.402667,live/unmuted/enabled,live/muted/enabled,0,0.000000,released,1001,
2026-09-03T18:29:43.966Z,209942,tick,assistant,hidden,running,134.400000,live/unmuted/enabled,live/muted/enabled,0,0.000000,released,998,
2026-09-03T18:29:44.967Z,210943,tick,assistant,hidden,running,135.402667,live/unmuted/enabled,live/muted/enabled,0,0.000000,released,1002,
2026-09-03T18:29:45.966Z,211942,tick,assistant,hidden,running,136.400000,live/unmuted/enabled,live/muted/enabled,0,0.000000,released,998,
2026-09-03T18:29:46.181Z,212158,window_focus,assistant,visible,running,136.616000,live/unmuted/enabled,live/muted/enabled,0,0.000000,released,,
2026-09-03T18:29:46.183Z,212159,window_focus,assistant,visible,running,136.618667,live/unmuted/enabled,live/muted/enabled,0,0.000000,released,,
2026-09-03T18:29:46.200Z,212177,visibility_visible,assistant,visible,running,136.634667,live/unmuted/enabled,live/muted/enabled,0,0.000000,released,,
2026-09-03T18:29:46.206Z,212182,video_track_unmute,assistant,visible,running,136.640000,live/unmuted/enabled,live/unmuted/enabled,0,0.000000,released,,
2026-09-03T18:29:46.490Z,212467,tick,assistant,visible,running,136.925333,live/unmuted/enabled,live/unmuted/enabled,0,0.000000,released,525,
2026-09-03T18:29:47.000Z,212977,tick,assistant,visible,running,137.434667,live/unmuted/enabled,live/unmuted/enabled,0,0.000000,released,510,
2026-09-03T18:29:47.510Z,213487,tick,assistant,visible,running,137.946667,live/unmuted/enabled,live/unmuted/enabled,0,0.000000,released,510,
2026-09-03T18:29:48.020Z,213997,tick,assistant,visible,running,138.456000,live/unmuted/enabled,live/unmuted/enabled,0,0.000000,released,510,
2026-09-03T18:29:48.532Z,214509,tick,assistant,visible,running,138.968000,live/unmuted/enabled,live/unmuted/enabled,0,0.000000,released,512,
2026-09-03T18:29:49.040Z,215017,tick,assistant,visible,running,139.474667,live/unmuted/enabled,live/unmuted/enabled,0,0.000000,released,508,
2026-09-03T18:29:49.553Z,215529,tick,assistant,visible,running,139.989333,live/unmuted/enabled,live/unmuted/enabled,0,0.000000,released,513,
2026-09-03T18:29:50.060Z,216037,tick,assistant,visible,running,140.496000,live/unmuted/enabled,live/unmuted/enabled,0,0.000000,released,507,
2026-09-03T18:29:50.572Z,216549,tick,assistant,visible,running,141.008000,live/unmuted/enabled,live/unmuted/enabled,0,0.000000,released,512,
2026-09-03T18:29:51.080Z,217057,tick,assistant,visible,running,141.514667,live/unmuted/enabled,live/unmuted/enabled,0,0.000000,released,508,
2026-09-03T18:29:51.593Z,217569,tick,assistant,visible,running,142.029333,live/unmuted/enabled,live/unmuted/enabled,0,0.000000,released,513,
2026-09-03T18:29:52.100Z,218077,tick,assistant,visible,running,142.536000,live/unmuted/enabled,live/unmuted/enabled,0,0.000000,released,507,
2026-09-03T18:29:52.612Z,218589,tick,assistant,visible,running,143.048000,live/unmuted/enabled,live/unmuted/enabled,0,0.000000,released,512,
2026-09-03T18:29:53.120Z,219097,tick,assistant,visible,running,143.554667,live/unmuted/enabled,live/unmuted/enabled,0,0.000000,released,508,
2026-09-03T18:29:53.632Z,219609,tick,assistant,visible,running,144.066667,live/unmuted/enabled,live/unmuted/enabled,0,0.000000,released,512,
2026-09-03T18:29:54.140Z,220117,tick,assistant,visible,running,144.576000,live/unmuted/enabled,live/unmuted/enabled,0,0.000000,released,508,
2026-09-03T18:29:54.652Z,220629,tick,assistant,visible,running,145.088000,live/unmuted/enabled,live/unmuted/enabled,0,0.000000,released,512,
2026-09-03T18:29:55.160Z,221137,tick,assistant,visible,running,145.594667,live/unmuted/enabled,live/unmuted/enabled,0,0.000000,released,508,
2026-09-03T18:29:55.673Z,221650,tick,assistant,visible,running,146.109333,live/unmuted/enabled,live/unmuted/enabled,0,0.000000,released,513,
2026-09-03T18:29:56.180Z,222157,tick,assistant,visible,running,146.616000,live/unmuted/enabled,live/unmuted/enabled,0,0.000000,released,507,
2026-09-03T18:29:56.693Z,222669,tick,assistant,visible,running,147.128000,live/unmuted/enabled,live/unmuted/enabled,0,0.000000,released,513,
2026-09-03T18:29:57.200Z,223177,tick,assistant,visible,running,147.637333,live/unmuted/enabled,live/unmuted/enabled,0,0.000000,released,507,
2026-09-03T18:29:57.712Z,223689,tick,assistant,visible,running,148.146667,live/unmuted/enabled,live/unmuted/enabled,0,0.000000,released,512,
2026-09-03T18:29:58.220Z,224197,tick,assistant,visible,running,148.656000,live/unmuted/enabled,live/unmuted/enabled,0,0.000000,released,508,
2026-09-03T18:29:58.732Z,224709,tick,assistant,visible,running,149.168000,live/unmuted/enabled,live/unmuted/enabled,0,0.000000,released,512,
2026-09-03T18:29:59.240Z,225216,tick,assistant,visible,running,149.674667,live/unmuted/enabled,live/unmuted/enabled,0,0.000000,released,508,
2026-09-03T18:29:59.752Z,225728,tick,assistant,visible,running,150.186667,live/unmuted/enabled,live/unmuted/enabled,0,0.000000,released,512,
2026-09-03T18:30:00.260Z,226237,tick,assistant,visible,running,150.696000,live/unmuted/enabled,live/unmuted/enabled,0,0.000000,released,508,
2026-09-03T18:30:00.772Z,226748,tick,assistant,visible,running,151.208000,live/unmuted/enabled,live/unmuted/enabled,0,0.000000,released,511,
2026-09-03T18:30:00.911Z,226887,audiocontext_statechange,assistant,visible,interrupted,151.256000,live/unmuted/enabled,live/unmuted/enabled,0,0.000000,released,,"{""state"":""interrupted""}"
2026-09-03T18:30:01.280Z,227257,tick,assistant,visible,interrupted,151.256000,live/unmuted/enabled,live/unmuted/enabled,0,0.000000,released,509,
2026-09-03T18:30:01.794Z,227771,tick,assistant,visible,interrupted,151.256000,live/unmuted/enabled,live/unmuted/enabled,0,0.000000,released,514,
2026-09-03T18:30:02.300Z,228277,tick,assistant,visible,interrupted,151.256000,live/unmuted/enabled,live/unmuted/enabled,0,0.000000,released,506,
2026-09-03T18:30:02.813Z,228790,tick,assistant,visible,interrupted,151.256000,live/unmuted/enabled,live/unmuted/enabled,0,0.000000,released,513,
2026-09-03T18:30:03.321Z,229297,tick,assistant,visible,interrupted,151.256000,live/unmuted/enabled,live/unmuted/enabled,0,0.000000,released,507,
2026-09-03T18:30:03.834Z,229811,tick,assistant,visible,interrupted,151.256000,live/unmuted/enabled,live/unmuted/enabled,0,0.000000,released,514,
2026-09-03T18:30:04.340Z,230317,tick,assistant,visible,interrupted,151.256000,live/unmuted/enabled,live/unmuted/enabled,0,0.000000,released,506,
2026-09-03T18:30:04.853Z,230830,tick,assistant,visible,interrupted,151.256000,live/unmuted/enabled,live/unmuted/enabled,0,0.000000,released,513,
2026-09-03T18:30:05.360Z,231337,tick,assistant,visible,interrupted,151.256000,live/unmuted/enabled,live/unmuted/enabled,0,0.000000,released,507,
2026-09-03T18:30:05.873Z,231850,tick,assistant,visible,interrupted,151.256000,live/unmuted/enabled,live/unmuted/enabled,0,0.000000,released,513,
2026-09-03T18:30:06.381Z,232357,tick,assistant,visible,interrupted,151.256000,live/unmuted/enabled,live/unmuted/enabled,0,0.000000,released,507,
2026-09-03T18:30:06.894Z,232870,tick,assistant,visible,interrupted,151.256000,live/unmuted/enabled,live/unmuted/enabled,0,0.000000,released,514,
2026-09-03T18:30:07.401Z,233377,tick,assistant,visible,interrupted,151.256000,live/unmuted/enabled,live/unmuted/enabled,0,0.000000,released,506,
2026-09-03T18:30:07.913Z,233890,tick,assistant,visible,interrupted,151.256000,live/unmuted/enabled,live/unmuted/enabled,0,0.000000,released,513,
2026-09-03T18:30:08.420Z,234397,tick,assistant,visible,interrupted,151.256000,live/unmuted/enabled,live/unmuted/enabled,0,0.000000,released,507,
2026-09-03T18:30:08.934Z,234911,tick,assistant,visible,interrupted,151.256000,live/unmuted/enabled,live/unmuted/enabled,0,0.000000,released,514,
2026-09-03T18:30:09.515Z,235491,tick,assistant,visible,interrupted,151.256000,live/unmuted/enabled,live/unmuted/enabled,0,0.000000,released,581,
2026-09-03T18:30:09.515Z,235492,audiocontext_statechange,assistant,visible,running,151.256000,live/unmuted/enabled,live/unmuted/enabled,0,0.000000,released,,"{""state"":""running""}"
2026-09-03T18:30:10.039Z,236016,tick,assistant,visible,running,151.781333,live/unmuted/enabled,live/unmuted/enabled,0,0.000000,released,524,
2026-09-03T18:30:10.550Z,236527,tick,assistant,visible,running,152.290667,live/unmuted/enabled,live/unmuted/enabled,0,0.000000,released,511,
2026-09-03T18:30:11.063Z,237040,tick,assistant,visible,running,152.805333,live/unmuted/enabled,live/unmuted/enabled,0,0.000000,released,513,
2026-09-03T18:30:11.570Z,237547,tick,assistant,visible,running,153.312000,live/unmuted/enabled,live/unmuted/enabled,0,0.000000,released,507,
2026-09-03T18:30:12.082Z,238059,tick,assistant,visible,running,153.824000,live/unmuted/enabled,live/unmuted/enabled,0,0.000000,released,512,
2026-09-03T18:30:12.590Z,238567,tick,assistant,visible,running,154.333333,live/unmuted/enabled,live/unmuted/enabled,0,0.000000,released,508,
2026-09-03T18:30:13.103Z,239080,tick,assistant,visible,running,154.845333,live/unmuted/enabled,live/unmuted/enabled,0,0.000000,released,513,
2026-09-03T18:30:13.611Z,239587,tick,assistant,visible,running,155.352000,live/unmuted/enabled,live/unmuted/enabled,0,0.000000,released,507,
2026-09-03T18:30:14.122Z,240099,tick,assistant,visible,running,155.864000,live/unmuted/enabled,live/unmuted/enabled,0,0.000000,released,512,
2026-09-03T18:30:14.630Z,240607,tick,assistant,visible,running,156.373333,live/unmuted/enabled,live/unmuted/enabled,0,0.000000,released,508,
2026-09-03T18:30:15.143Z,241120,tick,assistant,visible,running,156.885333,live/unmuted/enabled,live/unmuted/enabled,0,0.000000,released,513,
2026-09-03T18:30:15.650Z,241627,tick,assistant,visible,running,157.392000,live/unmuted/enabled,live/unmuted/enabled,0,0.000000,released,507,
2026-09-03T18:30:16.162Z,242139,tick,assistant,visible,running,157.904000,live/unmuted/enabled,live/unmuted/enabled,0,0.000000,released,512,
2026-09-03T18:30:16.670Z,242646,tick,assistant,visible,running,158.410667,live/unmuted/enabled,live/unmuted/enabled,0,0.000000,released,507,
2026-09-03T18:30:17.183Z,243159,tick,assistant,visible,running,158.925333,live/unmuted/enabled,live/unmuted/enabled,0,0.000000,released,514,
2026-09-03T18:30:17.690Z,243667,tick,assistant,visible,running,159.432000,live/unmuted/enabled,live/unmuted/enabled,0,0.000000,released,507,
2026-09-03T18:30:17.874Z,243851,step_begin,other_app_camera,visible,running,159.616000,live/unmuted/enabled,live/unmuted/enabled,0,0.000000,released,,"{""step"":""other_app_camera"",""label"":""Camera taken""}"
2026-09-03T18:30:18.205Z,244181,tick,other_app_camera,visible,running,159.946667,live/unmuted/enabled,live/unmuted/enabled,0,0.000000,released,515,
2026-09-03T18:30:18.710Z,244687,tick,other_app_camera,visible,running,160.453333,live/unmuted/enabled,live/unmuted/enabled,0,0.000000,released,505,
2026-09-03T18:30:19.222Z,245199,tick,other_app_camera,visible,running,160.962667,live/unmuted/enabled,live/unmuted/enabled,0,0.000000,released,512,
2026-09-03T18:30:19.730Z,245707,tick,other_app_camera,visible,running,161.472000,live/unmuted/enabled,live/unmuted/enabled,0,0.000000,released,508,
2026-09-03T18:30:20.242Z,246219,tick,other_app_camera,visible,running,161.984000,live/unmuted/enabled,live/unmuted/enabled,0,0.000000,released,512,
2026-09-03T18:30:20.750Z,246727,tick,other_app_camera,visible,running,162.493333,live/unmuted/enabled,live/unmuted/enabled,0,0.000000,released,508,
2026-09-03T18:30:21.263Z,247240,tick,other_app_camera,visible,running,163.005333,live/unmuted/enabled,live/unmuted/enabled,0,0.000000,released,513,
2026-09-03T18:30:21.771Z,247747,tick,other_app_camera,visible,running,163.512000,live/unmuted/enabled,live/unmuted/enabled,0,0.000000,released,507,
2026-09-03T18:30:22.282Z,248259,tick,other_app_camera,visible,running,164.024000,live/unmuted/enabled,live/unmuted/enabled,0,0.000000,released,512,
2026-09-03T18:30:22.790Z,248767,tick,other_app_camera,visible,running,164.533333,live/unmuted/enabled,live/unmuted/enabled,0,0.000000,released,508,
2026-09-03T18:30:23.301Z,249278,tick,other_app_camera,visible,running,165.042667,live/unmuted/enabled,live/unmuted/enabled,0,0.000000,released,511,
2026-09-03T18:30:23.328Z,249304,video_track_mute,other_app_camera,visible,running,165.069333,live/unmuted/enabled,live/muted/enabled,0,0.000000,released,,
2026-09-03T18:30:23.578Z,249554,window_blur,other_app_camera,hidden,running,165.320000,live/unmuted/enabled,live/muted/enabled,0,0.000000,released,,
2026-09-03T18:30:23.578Z,249555,visibility_hidden,other_app_camera,hidden,running,165.320000,live/unmuted/enabled,live/muted/enabled,0,0.000000,released,,
2026-09-03T18:30:23.966Z,249942,tick,other_app_camera,hidden,running,165.706667,live/unmuted/enabled,live/muted/enabled,0,0.000000,released,664,
2026-09-03T18:30:24.967Z,250944,tick,other_app_camera,hidden,running,166.709333,live/unmuted/enabled,live/muted/enabled,0,0.000000,released,1002,
2026-09-03T18:30:25.966Z,251942,tick,other_app_camera,hidden,running,167.706667,live/unmuted/enabled,live/muted/enabled,0,0.000000,released,999,
2026-09-03T18:30:26.967Z,252944,tick,other_app_camera,hidden,running,168.709333,live/unmuted/enabled,live/muted/enabled,0,0.000000,released,1001,
2026-09-03T18:30:27.966Z,253942,tick,other_app_camera,hidden,running,169.706667,live/unmuted/enabled,live/muted/enabled,0,0.000000,released,999,
2026-09-03T18:30:28.967Z,254944,tick,other_app_camera,hidden,running,170.709333,live/unmuted/enabled,live/muted/enabled,0,0.000000,released,1001,
2026-09-03T18:30:29.966Z,255942,tick,other_app_camera,hidden,running,171.706667,live/unmuted/enabled,live/muted/enabled,0,0.000000,released,999,
2026-09-03T18:30:30.968Z,256945,tick,other_app_camera,hidden,running,172.709333,live/unmuted/enabled,live/muted/enabled,0,0.000000,released,1002,
2026-09-03T18:30:31.966Z,257942,tick,other_app_camera,hidden,running,173.706667,live/unmuted/enabled,live/muted/enabled,0,0.000000,released,998,
2026-09-03T18:30:32.967Z,258944,tick,other_app_camera,hidden,running,174.709333,live/unmuted/enabled,live/muted/enabled,0,0.000000,released,1001,
2026-09-03T18:30:33.966Z,259942,tick,other_app_camera,hidden,running,175.706667,live/unmuted/enabled,live/muted/enabled,0,0.000000,released,999,
2026-09-03T18:30:34.967Z,260944,tick,other_app_camera,hidden,running,176.709333,live/unmuted/enabled,live/muted/enabled,0,0.000000,released,1001,
2026-09-03T18:30:35.966Z,261942,tick,other_app_camera,hidden,running,177.706667,live/unmuted/enabled,live/muted/enabled,0,0.000000,released,999,
2026-09-03T18:30:36.967Z,262944,tick,other_app_camera,hidden,running,178.709333,live/unmuted/enabled,live/muted/enabled,0,0.000000,released,1001,
2026-09-03T18:30:37.966Z,263942,tick,other_app_camera,hidden,running,179.706667,live/unmuted/enabled,live/muted/enabled,0,0.000000,released,999,
2026-09-03T18:30:38.967Z,264944,tick,other_app_camera,hidden,running,180.709333,live/unmuted/enabled,live/muted/enabled,0,0.000000,released,1001,
2026-09-03T18:30:39.966Z,265942,tick,other_app_camera,hidden,running,181.706667,live/unmuted/enabled,live/muted/enabled,0,0.000000,released,999,
2026-09-03T18:30:40.967Z,266943,tick,other_app_camera,hidden,running,182.709333,live/unmuted/enabled,live/muted/enabled,0,0.000000,released,1001,
2026-09-03T18:30:41.966Z,267942,tick,other_app_camera,hidden,running,183.706667,live/unmuted/enabled,live/muted/enabled,0,0.000000,released,999,
2026-09-03T18:30:42.967Z,268944,tick,other_app_camera,hidden,running,184.709333,live/unmuted/enabled,live/muted/enabled,0,0.000000,released,1001,
2026-09-03T18:30:43.965Z,269942,tick,other_app_camera,hidden,running,185.706667,live/unmuted/enabled,live/muted/enabled,0,0.000000,released,998,
2026-09-03T18:30:44.967Z,270943,tick,other_app_camera,hidden,running,186.709333,live/unmuted/enabled,live/muted/enabled,0,0.000000,released,1002,
2026-09-03T18:30:45.966Z,271942,tick,other_app_camera,hidden,running,187.706667,live/unmuted/enabled,live/muted/enabled,0,0.000000,released,999,
2026-09-03T18:30:46.967Z,272944,tick,other_app_camera,hidden,running,188.709333,live/unmuted/enabled,live/muted/enabled,0,0.000000,released,1001,
2026-09-03T18:30:47.966Z,273942,tick,other_app_camera,hidden,running,189.706667,live/unmuted/enabled,live/muted/enabled,0,0.000000,released,999,
2026-09-03T18:30:48.967Z,274943,tick,other_app_camera,hidden,running,190.709333,live/unmuted/enabled,live/muted/enabled,0,0.000000,released,1001,
2026-09-03T18:30:49.966Z,275942,tick,other_app_camera,hidden,running,191.706667,live/unmuted/enabled,live/muted/enabled,0,0.000000,released,999,
2026-09-03T18:30:50.967Z,276943,tick,other_app_camera,hidden,running,192.709333,live/unmuted/enabled,live/muted/enabled,0,0.000000,released,1001,
2026-09-03T18:30:51.966Z,277942,tick,other_app_camera,hidden,running,193.706667,live/unmuted/enabled,live/muted/enabled,0,0.000000,released,999,
2026-09-03T18:30:52.967Z,278943,tick,other_app_camera,hidden,running,194.709333,live/unmuted/enabled,live/muted/enabled,0,0.000000,released,1001,
2026-09-03T18:30:53.966Z,279942,tick,other_app_camera,hidden,running,195.706667,live/unmuted/enabled,live/muted/enabled,0,0.000000,released,998,
2026-09-03T18:30:54.967Z,280944,tick,other_app_camera,hidden,running,196.709333,live/unmuted/enabled,live/muted/enabled,0,0.000000,released,1002,
2026-09-03T18:30:55.966Z,281942,tick,other_app_camera,hidden,running,197.706667,live/unmuted/enabled,live/muted/enabled,0,0.000000,released,999,
2026-09-03T18:30:56.967Z,282943,tick,other_app_camera,hidden,running,198.709333,live/unmuted/enabled,live/muted/enabled,0,0.000000,released,1001,
2026-09-03T18:30:57.966Z,283942,tick,other_app_camera,hidden,running,199.706667,live/unmuted/enabled,live/muted/enabled,0,0.000000,released,999,
2026-09-03T18:30:58.967Z,284944,tick,other_app_camera,hidden,running,200.709333,live/unmuted/enabled,live/muted/enabled,0,0.000000,released,1001,
2026-09-03T18:30:59.965Z,285942,tick,other_app_camera,hidden,running,201.706667,live/unmuted/enabled,live/muted/enabled,0,0.000000,released,998,
2026-09-03T18:31:00.967Z,286944,tick,other_app_camera,hidden,running,202.709333,live/unmuted/enabled,live/muted/enabled,0,0.000000,released,1002,
2026-09-03T18:31:01.966Z,287942,tick,other_app_camera,hidden,running,203.706667,live/unmuted/enabled,live/muted/enabled,0,0.000000,released,999,
2026-09-03T18:31:02.968Z,288944,tick,other_app_camera,hidden,running,204.709333,live/unmuted/enabled,live/muted/enabled,0,0.000000,released,1002,
2026-09-03T18:31:03.966Z,289942,tick,other_app_camera,hidden,running,205.706667,live/unmuted/enabled,live/muted/enabled,0,0.000000,released,998,
2026-09-03T18:31:04.967Z,290943,tick,other_app_camera,hidden,running,206.709333,live/unmuted/enabled,live/muted/enabled,0,0.000000,released,1001,
2026-09-03T18:31:05.965Z,291942,tick,other_app_camera,hidden,running,207.706667,live/unmuted/enabled,live/muted/enabled,0,0.000000,released,998,
2026-09-03T18:31:06.967Z,292944,tick,other_app_camera,hidden,running,208.709333,live/unmuted/enabled,live/muted/enabled,0,0.000000,released,1002,
2026-09-03T18:31:07.966Z,293942,tick,other_app_camera,hidden,running,209.706667,live/unmuted/enabled,live/muted/enabled,0,0.000000,released,999,
2026-09-03T18:31:08.967Z,294944,tick,other_app_camera,hidden,running,210.709333,live/unmuted/enabled,live/muted/enabled,0,0.000000,released,1001,
2026-09-03T18:31:09.966Z,295942,tick,other_app_camera,hidden,running,211.706667,live/unmuted/enabled,live/muted/enabled,0,0.000000,released,999,
2026-09-03T18:31:10.967Z,296944,tick,other_app_camera,hidden,running,212.709333,live/unmuted/enabled,live/muted/enabled,0,0.000000,released,1001,
2026-09-03T18:31:11.966Z,297942,tick,other_app_camera,hidden,running,213.706667,live/unmuted/enabled,live/muted/enabled,0,0.000000,released,999,
2026-09-03T18:31:12.968Z,298944,tick,other_app_camera,hidden,running,214.709333,live/unmuted/enabled,live/muted/enabled,0,0.000000,released,1002,
2026-09-03T18:31:13.966Z,299942,tick,other_app_camera,hidden,running,215.709333,live/unmuted/enabled,live/muted/enabled,0,0.000000,released,998,
2026-09-03T18:31:14.967Z,300944,tick,other_app_camera,hidden,running,216.709333,live/unmuted/enabled,live/muted/enabled,0,0.000000,released,1001,
2026-09-03T18:31:15.966Z,301943,tick,other_app_camera,hidden,running,217.709333,live/unmuted/enabled,live/muted/enabled,0,0.000000,released,999,
2026-09-03T18:31:16.783Z,302760,window_focus,other_app_camera,visible,running,218.525333,live/unmuted/enabled,live/muted/enabled,0,0.000000,released,,
2026-09-03T18:31:16.785Z,302761,window_focus,other_app_camera,visible,running,218.528000,live/unmuted/enabled,live/muted/enabled,0,0.000000,released,,
2026-09-03T18:31:16.802Z,302779,tick,other_app_camera,visible,running,218.544000,live/unmuted/enabled,live/muted/enabled,0,0.000000,released,836,
2026-09-03T18:31:16.802Z,302779,visibility_visible,other_app_camera,visible,running,218.544000,live/unmuted/enabled,live/muted/enabled,0,0.000000,released,,
2026-09-03T18:31:16.809Z,302785,video_track_unmute,other_app_camera,visible,running,218.552000,live/unmuted/enabled,live/unmuted/enabled,0,0.000000,released,,
2026-09-03T18:31:17.331Z,303307,tick,other_app_camera,visible,running,219.072000,live/unmuted/enabled,live/unmuted/enabled,0,0.000000,released,529,
2026-09-03T18:31:17.840Z,303817,tick,other_app_camera,visible,running,219.581333,live/unmuted/enabled,live/unmuted/enabled,0,0.000000,released,509,
2026-09-03T18:31:18.350Z,304326,tick,other_app_camera,visible,running,220.093333,live/unmuted/enabled,live/unmuted/enabled,0,0.000000,released,510,
2026-09-03T18:31:18.862Z,304838,tick,other_app_camera,visible,running,220.602667,live/unmuted/enabled,live/unmuted/enabled,0,0.000000,released,511,
2026-09-03T18:31:19.370Z,305346,tick,other_app_camera,visible,running,221.112000,live/unmuted/enabled,live/unmuted/enabled,0,0.000000,released,509,
2026-09-03T18:31:19.884Z,305860,tick,other_app_camera,visible,running,221.626667,live/unmuted/enabled,live/unmuted/enabled,0,0.000000,released,513,
2026-09-03T18:31:20.391Z,306367,tick,other_app_camera,visible,running,222.133333,live/unmuted/enabled,live/unmuted/enabled,0,0.000000,released,507,
2026-09-03T18:31:20.902Z,306878,tick,other_app_camera,visible,running,222.645333,live/unmuted/enabled,live/unmuted/enabled,0,0.000000,released,512,
2026-09-03T18:31:21.410Z,307386,tick,other_app_camera,visible,running,223.152000,live/unmuted/enabled,live/unmuted/enabled,0,0.000000,released,508,
2026-09-03T18:31:21.923Z,307900,tick,other_app_camera,visible,running,223.666667,live/unmuted/enabled,live/unmuted/enabled,0,0.000000,released,513,
2026-09-03T18:31:22.430Z,308407,tick,other_app_camera,visible,running,224.173333,live/unmuted/enabled,live/unmuted/enabled,0,0.000000,released,507,
2026-09-03T18:31:22.944Z,308920,tick,other_app_camera,visible,running,224.685333,live/unmuted/enabled,live/unmuted/enabled,0,0.000000,released,513,
2026-09-03T18:31:23.416Z,309392,probe_stopped,other_app_camera,visible,running,225.157333,live/unmuted/enabled,live/unmuted/enabled,0,0.000000,released,,
